[{"activitymetrics":[{"memory":{"memorymax":229018,"memoryincrease":7181}},{"cpu":{"cpumax":19.75,"cpuincrease":"7.68"}},{"gpu":{"gpuframes":" 9","gpujanks":"5"}}],"activity":"Ooredoo_PostpaidDgl_T09_SelectCountry","beforeScreen":"..\/Ooredoo_PostpaidDgl_T09_SelectCountry\/screen_before.png","ResponseTime":1746,"afterScreen":"..\/Ooredoo_PostpaidDgl_T09_SelectCountry\/screen_after.png"},{"activitymetrics":[{"gpu":{"gpuframes":" 86","gpujanks":"28"}},{"cpu":{"cpumax":19.38,"cpuincrease":"6.88"}},{"memory":{"memorymax":230164,"memoryincrease":50556}}],"activity":"Ooredoo_PostpaidDgl_T05_ClickData","beforeScreen":"..\/Ooredoo_PostpaidDgl_T05_ClickData\/screen_before.png","ResponseTime":4382,"afterScreen":"..\/Ooredoo_PostpaidDgl_T05_ClickData\/screen_after.png"},{"activitymetrics":[{"gpu":{"gpuframes":" 47","gpujanks":"5"}},{"cpu":{"cpumax":19.38,"cpuincrease":"6.13"}},{"memory":{"memorymax":227125,"memoryincrease":13379}}],"activity":"Ooredoo_PostpaidDgl_T06_ChooseAddon","beforeScreen":"..\/Ooredoo_PostpaidDgl_T06_ChooseAddon\/screen_before.png","ResponseTime":1685,"afterScreen":"..\/Ooredoo_PostpaidDgl_T06_ChooseAddon\/screen_after.png"},{"activitymetrics":[{"gpu":{"gpuframes":" 70","gpujanks":"9"}},{"cpu":{"cpumax":15.0,"cpuincrease":"2.12"}},{"memory":{"memorymax":243814,"memoryincrease":35185}}],"activity":"Ooredoo_PostpaidDgl_T09_SelectRoamingBundle","beforeScreen":"..\/Ooredoo_PostpaidDgl_T09_SelectRoamingBundle\/screen_before.png","ResponseTime":5538,"afterScreen":"..\/Ooredoo_PostpaidDgl_T09_SelectRoamingBundle\/screen_after.png"},{"activitymetrics":[{"gpu":{"gpuframes":" 194","gpujanks":"40"}},{"cpu":{"cpumax":20.38,"cpuincrease":"8.32"}},{"memory":{"memorymax":201428,"memoryincrease":58763}}],"activity":"Ooredoo_PostpaidDgl_T04_BackToHome","beforeScreen":"..\/Ooredoo_PostpaidDgl_T04_BackToHome\/screen_before.png","ResponseTime":6016,"afterScreen":"..\/Ooredoo_PostpaidDgl_T04_BackToHome\/screen_after.png"},{"activitymetrics":[{"cpu":{"cpumax":21.0,"cpuincrease":"9.36"}},{"gpu":{"gpuframes":" 43","gpujanks":"11"}},{"memory":{"memorymax":200328,"memoryincrease":30163}}],"activity":"Ooredoo_PostpaidDgl_T02_ClickNojoom","beforeScreen":"..\/Ooredoo_PostpaidDgl_T02_ClickNojoom\/screen_before.png","ResponseTime":3536,"afterScreen":"..\/Ooredoo_PostpaidDgl_T02_ClickNojoom\/screen_after.png"},{"activitymetrics":[{"cpu":{"cpumax":24.5,"cpuincrease":"12.86"}},{"gpu":{"gpuframes":" 178","gpujanks":"57"}},{"memory":{"memorymax":202935,"memoryincrease":86863}}],"activity":"Ooredoo_PostpaidDgl_T01_Login","beforeScreen":"..\/Ooredoo_PostpaidDgl_T01_Login\/screen_before.png","ResponseTime":11518,"afterScreen":"..\/Ooredoo_PostpaidDgl_T01_Login\/screen_after.png"},{"activitymetrics":[{"gpu":{"gpuframes":" 253","gpujanks":"61"}},{"cpu":{"cpumax":20.0,"cpuincrease":"7.12"}},{"memory":{"memorymax":250139,"memoryincrease":61294}}],"activity":"Ooredoo_PostpaidDgl_T08_ClickRoaming","beforeScreen":"..\/Ooredoo_PostpaidDgl_T08_ClickRoaming\/screen_before.png","ResponseTime":5303,"afterScreen":"..\/Ooredoo_PostpaidDgl_T08_ClickRoaming\/screen_after.png"},{"activitymetrics":[{"memory":{"memorymax":194650,"memoryincrease":7984}},{"gpu":{"gpuframes":" 0","gpujanks":"0"}},{"cpu":{"cpumax":14.63,"cpuincrease":"0.88"}}],"activity":"Ooredoo_PostpaidDgl_T10_Logout","beforeScreen":"..\/Ooredoo_PostpaidDgl_T10_Logout\/screen_before.png","ResponseTime":975,"afterScreen":"..\/Ooredoo_PostpaidDgl_T10_Logout\/screen_after.png"},{"activitymetrics":[{"memory":{"memorymax":230829,"memoryincrease":53098}},{"cpu":{"cpumax":16.63,"cpuincrease":"3.75"}},{"gpu":{"gpuframes":" 46","gpujanks":"14"}}],"activity":"Ooredoo_PostpaidDgl_T03_RedeemPoints","beforeScreen":"..\/Ooredoo_PostpaidDgl_T03_RedeemPoints\/screen_before.png","ResponseTime":3484,"afterScreen":"..\/Ooredoo_PostpaidDgl_T03_RedeemPoints\/screen_after.png"},{"activitymetrics":[{"memory":{"memorymax":245956,"memoryincrease":7151}},{"gpu":{"gpuframes":" 79","gpujanks":"17"}},{"cpu":{"cpumax":15.5,"cpuincrease":"3.00"}}],"activity":"Ooredoo_PostpaidDgl_T07_SubmitBundle","beforeScreen":"..\/Ooredoo_PostpaidDgl_T07_SubmitBundle\/screen_before.png","ResponseTime":5340,"afterScreen":"..\/Ooredoo_PostpaidDgl_T07_SubmitBundle\/screen_after.png"}]