[{"Ooredoo_PostpaidDgl":[{"Ooredoo_PostpaidDgl_T05_ClickData":{"NetworkDetails":[{"Status":"COMPLETE","ResponseSize":16957,"RequestedPage":"POST \/server4\/v1\/bundle\/purchase\/getBundleCategoryPlanPostpaid HTTP\/1.1","STATUS":200,"RequestSize":703,"ResponseTime":2910,"Time":{"requestBegin":"2019-05-10T15:08:26.730+05:30","start":"2019-05-10T15:08:25.357+05:30","responseBegin":"2019-05-10T15:08:27.911+05:30","end":"2019-05-10T15:08:28.267+05:30","requestComplete":"2019-05-10T15:08:26.733+05:30"},"Duration":{"request":3,"total":2656,"response":356,"latency":1178,"dns":2,"ssl":717,"connect":400},"Domain":"selfcaretest.ooredoo.om","Latency":1178}],"Recommendation":[{"ruleHeader":"Validate no. of requests in a page","Message":"Total no. of requests in the page:1.,No. of requests per page is within the industry standard","Recommendation":"none"},{"ruleHeader":"Leverage Browsing Cache","Message":"Url's without any expiry header:,https:\/\/selfcaretest.ooredoo.om\/server4\/v1\/bundle\/purchase\/getBundleCategoryPlanPostpaid,","Recommendation":"For having a good caching startegy it is recoomended to have cache control and expires header for all the resources, Also as a best practice it is recommended that no resources to get 304 status"},{"ruleHeader":"Apply Compression Technique","Message":"No compression methodologies has been applied for the below URL's:,https:\/\/selfcaretest.ooredoo.om\/server4\/v1\/bundle\/purchase\/getBundleCategoryPlanPostpaid","Recommendation":"It is recommended to apply gzip\/deflate\/br compression techniques to the resources by which we can minimize the amount of data getting transferred"},{"ruleHeader":"Avoid Duplicate calls","Message":"none","Recommendation":"none"},{"ruleHeader":"Errorneous Requests","Message":"none","Recommendation":"none"},{"ruleHeader":"Avoid Redirects","Message":"none","Recommendation":"none"},{"ruleHeader":"Server time consuming","Message":"Response time for the below individual request is over 500ms:, https:\/\/selfcaretest.ooredoo.om\/server4\/v1\/bundle\/purchase\/getBundleCategoryPlanPostpaid","Recommendation":"The requests seems to be time consuming from server\/network side. This needs to be profiled"},{"ruleHeader":"Combine CSS and JS","Message":"none","Recommendation":"none"}]}},{"Ooredoo_PostpaidDgl_T01_Login":{"NetworkDetails":[{"Status":"COMPLETE","ResponseSize":2156,"RequestedPage":"POST \/server4\/v1\/user\/account\/loginWithData HTTP\/1.1","STATUS":200,"RequestSize":717,"ResponseTime":3703,"Time":{"requestBegin":"2019-05-10T15:05:47.335+05:30","start":"2019-05-10T15:05:45.647+05:30","responseBegin":"2019-05-10T15:05:49.339+05:30","end":"2019-05-10T15:05:49.350+05:30","requestComplete":"2019-05-10T15:05:47.341+05:30"},"Duration":{"request":6,"total":3221,"response":11,"latency":1998,"dns":4,"ssl":825,"connect":377},"Domain":"selfcaretest.ooredoo.om","Latency":1998},{"Status":"COMPLETE","ResponseSize":107,"RequestedPage":"POST \/server4\/v1\/user\/account\/device\/register HTTP\/1.1","STATUS":200,"RequestSize":1167,"ResponseTime":1862,"Time":{"requestBegin":"2019-05-10T15:05:51.553+05:30","start":"2019-05-10T15:05:50.288+05:30","responseBegin":"2019-05-10T15:05:52.149+05:30","end":"2019-05-10T15:05:52.150+05:30","requestComplete":"2019-05-10T15:05:51.556+05:30"},"Duration":{"request":3,"total":1652,"response":1,"latency":593,"dns":1,"ssl":716,"connect":338},"Domain":"selfcaretest.ooredoo.om","Latency":593},{"Status":"COMPLETE","ResponseSize":108,"RequestedPage":"GET \/server4\/v1\/user\/account\/oib\/unread\/message\/count HTTP\/1.1","STATUS":200,"RequestSize":577,"ResponseTime":5629,"Time":{"requestBegin":"2019-05-10T15:05:52.193+05:30","start":"2019-05-10T15:05:51.041+05:30","responseBegin":"2019-05-10T15:05:56.668+05:30","end":"2019-05-10T15:05:56.670+05:30","requestComplete":"2019-05-10T15:05:52.193+05:30"},"Duration":{"request":0,"total":5480,"response":2,"latency":4475,"dns":1,"ssl":599,"connect":403},"Domain":"selfcaretest.ooredoo.om","Latency":4475},{"Status":"COMPLETE","ResponseSize":35968,"RequestedPage":"GET \/server4\/v1\/user\/account\/home\/data?channel=MOBILE&status=NOT_A_MEMBER&product=MOBILE&subscription=POSTPAID_DIGITAL&msisdn=79302253&user=DIGITAL&id=97362 HTTP\/1.1","STATUS":200,"RequestSize":680,"ResponseTime":3525,"Time":{"requestBegin":"2019-05-10T15:05:52.506+05:30","start":"2019-05-10T15:05:51.464+05:30","responseBegin":"2019-05-10T15:05:54.621+05:30","end":"2019-05-10T15:05:54.989+05:30","requestComplete":"2019-05-10T15:05:52.507+05:30"},"Duration":{"request":1,"total":3395,"response":368,"latency":2114,"dns":2,"ssl":622,"connect":288},"Domain":"selfcaretest.ooredoo.om","Latency":2114},{"Status":"COMPLETE","ResponseSize":499960,"RequestedPage":"GET \/server4\/v1\/images\/download\/0931cba1-9ce6-4313-9c4a-fb602a9eb0ea HTTP\/1.1","STATUS":200,"RequestSize":592,"ResponseTime":8037,"Time":{"requestBegin":"2019-05-10T15:05:57.233+05:30","start":"2019-05-10T15:05:55.651+05:30","responseBegin":"2019-05-10T15:05:59.435+05:30","end":"2019-05-10T15:06:03.688+05:30","requestComplete":"2019-05-10T15:05:57.233+05:30"},"Duration":{"request":0,"total":7871,"response":4253,"latency":2202,"dns":2,"ssl":911,"connect":503},"Domain":"selfcaretest.ooredoo.om","Latency":2202}],"Recommendation":[{"ruleHeader":"Validate no. of requests in a page","Message":"Total no. of requests in the page:5.,No. of requests per page is within the industry standard","Recommendation":"none"},{"ruleHeader":"Leverage Browsing Cache","Message":"Url's without any expiry header:,https:\/\/selfcaretest.ooredoo.om\/server4\/v1\/user\/account\/loginWithData, https:\/\/selfcaretest.ooredoo.om\/server4\/v1\/user\/account\/device\/register, https:\/\/selfcaretest.ooredoo.om\/server4\/v1\/user\/account\/oib\/unread\/message\/count, https:\/\/selfcaretest.ooredoo.om\/server4\/v1\/user\/account\/home\/data?channel=MOBILE&status=NOT_A_MEMBER&product=MOBILE&subscription=POSTPAID_DIGITAL&msisdn=79302253&user=DIGITAL&id=97362, https:\/\/selfcaretest.ooredoo.om\/server4\/v1\/images\/download\/0931cba1-9ce6-4313-9c4a-fb602a9eb0ea,","Recommendation":"For having a good caching startegy it is recoomended to have cache control and expires header for all the resources, Also as a best practice it is recommended that no resources to get 304 status"},{"ruleHeader":"Apply Compression Technique","Message":"No compression methodologies has been applied for the below URL's:,https:\/\/selfcaretest.ooredoo.om\/server4\/v1\/user\/account\/loginWithData, https:\/\/selfcaretest.ooredoo.om\/server4\/v1\/user\/account\/device\/register, https:\/\/selfcaretest.ooredoo.om\/server4\/v1\/user\/account\/oib\/unread\/message\/count, https:\/\/selfcaretest.ooredoo.om\/server4\/v1\/user\/account\/home\/data?channel=MOBILE&status=NOT_A_MEMBER&product=MOBILE&subscription=POSTPAID_DIGITAL&msisdn=79302253&user=DIGITAL&id=97362, https:\/\/selfcaretest.ooredoo.om\/server4\/v1\/images\/download\/0931cba1-9ce6-4313-9c4a-fb602a9eb0ea","Recommendation":"It is recommended to apply gzip\/deflate\/br compression techniques to the resources by which we can minimize the amount of data getting transferred"},{"ruleHeader":"Avoid Duplicate calls","Message":"none","Recommendation":"none"},{"ruleHeader":"Errorneous Requests","Message":"none","Recommendation":"none"},{"ruleHeader":"Avoid Redirects","Message":"none","Recommendation":"none"},{"ruleHeader":"Server time consuming","Message":"Response time for the below individual request is over 500ms:, https:\/\/selfcaretest.ooredoo.om\/server4\/v1\/user\/account\/loginWithData, https:\/\/selfcaretest.ooredoo.om\/server4\/v1\/user\/account\/device\/register, https:\/\/selfcaretest.ooredoo.om\/server4\/v1\/user\/account\/oib\/unread\/message\/count, https:\/\/selfcaretest.ooredoo.om\/server4\/v1\/user\/account\/home\/data?channel=MOBILE&status=NOT_A_MEMBER&product=MOBILE&subscription=POSTPAID_DIGITAL&msisdn=79302253&user=DIGITAL&id=97362, https:\/\/selfcaretest.ooredoo.om\/server4\/v1\/images\/download\/0931cba1-9ce6-4313-9c4a-fb602a9eb0ea","Recommendation":"The requests seems to be time consuming from server\/network side. This needs to be profiled"},{"ruleHeader":"Combine CSS and JS","Message":"none","Recommendation":"none"}]}},{"Ooredoo_PostpaidDgl_T10_Logout":{"NetworkDetails":[{"Status":"COMPLETE","ResponseSize":78,"RequestedPage":"POST \/server4\/v1\/user\/account\/logout HTTP\/1.1","STATUS":200,"RequestSize":644,"ResponseTime":1832,"Time":{"requestBegin":"2019-05-10T15:12:34.452+05:30","start":"2019-05-10T15:12:33.161+05:30","responseBegin":"2019-05-10T15:12:34.993+05:30","end":"2019-05-10T15:12:34.993+05:30","requestComplete":"2019-05-10T15:12:34.453+05:30"},"Duration":{"request":1,"total":1678,"response":0,"latency":540,"dns":1,"ssl":735,"connect":401},"Domain":"selfcaretest.ooredoo.om","Latency":540}],"Recommendation":[{"ruleHeader":"Validate no. of requests in a page","Message":"Total no. of requests in the page:1.,No. of requests per page is within the industry standard","Recommendation":"none"},{"ruleHeader":"Leverage Browsing Cache","Message":"Url's without any expiry header:,https:\/\/selfcaretest.ooredoo.om\/server4\/v1\/user\/account\/logout,","Recommendation":"For having a good caching startegy it is recoomended to have cache control and expires header for all the resources, Also as a best practice it is recommended that no resources to get 304 status"},{"ruleHeader":"Apply Compression Technique","Message":"No compression methodologies has been applied for the below URL's:,https:\/\/selfcaretest.ooredoo.om\/server4\/v1\/user\/account\/logout","Recommendation":"It is recommended to apply gzip\/deflate\/br compression techniques to the resources by which we can minimize the amount of data getting transferred"},{"ruleHeader":"Avoid Duplicate calls","Message":"none","Recommendation":"none"},{"ruleHeader":"Errorneous Requests","Message":"none","Recommendation":"none"},{"ruleHeader":"Avoid Redirects","Message":"none","Recommendation":"none"},{"ruleHeader":"Server time consuming","Message":"Response time for the below individual request is over 500ms:, https:\/\/selfcaretest.ooredoo.om\/server4\/v1\/user\/account\/logout","Recommendation":"The requests seems to be time consuming from server\/network side. This needs to be profiled"},{"ruleHeader":"Combine CSS and JS","Message":"none","Recommendation":"none"}]}},{"Ooredoo_PostpaidDgl_T09_SelectRoamingBundle":{"NetworkDetails":[{"Status":"COMPLETE","ResponseSize":79,"RequestedPage":"POST \/server4\/v1\/hs\/subscribe\/bundle\/createAddonSubscription HTTP\/1.1","STATUS":200,"RequestSize":769,"ResponseTime":2912,"Time":{"requestBegin":"2019-05-10T15:11:54.365+05:30","start":"2019-05-10T15:11:52.970+05:30","responseBegin":"2019-05-10T15:11:55.880+05:30","end":"2019-05-10T15:11:55.882+05:30","requestComplete":"2019-05-10T15:11:54.367+05:30"},"Duration":{"request":2,"total":2685,"response":2,"latency":1513,"dns":1,"ssl":817,"connect":350},"Domain":"selfcaretest.ooredoo.om","Latency":1513}],"Recommendation":[{"ruleHeader":"Validate no. of requests in a page","Message":"Total no. of requests in the page:1.,No. of requests per page is within the industry standard","Recommendation":"none"},{"ruleHeader":"Leverage Browsing Cache","Message":"Url's without any expiry header:,https:\/\/selfcaretest.ooredoo.om\/server4\/v1\/hs\/subscribe\/bundle\/createAddonSubscription,","Recommendation":"For having a good caching startegy it is recoomended to have cache control and expires header for all the resources, Also as a best practice it is recommended that no resources to get 304 status"},{"ruleHeader":"Apply Compression Technique","Message":"No compression methodologies has been applied for the below URL's:,https:\/\/selfcaretest.ooredoo.om\/server4\/v1\/hs\/subscribe\/bundle\/createAddonSubscription","Recommendation":"It is recommended to apply gzip\/deflate\/br compression techniques to the resources by which we can minimize the amount of data getting transferred"},{"ruleHeader":"Avoid Duplicate calls","Message":"none","Recommendation":"none"},{"ruleHeader":"Errorneous Requests","Message":"none","Recommendation":"none"},{"ruleHeader":"Avoid Redirects","Message":"none","Recommendation":"none"},{"ruleHeader":"Server time consuming","Message":"Response time for the below individual request is over 500ms:, https:\/\/selfcaretest.ooredoo.om\/server4\/v1\/hs\/subscribe\/bundle\/createAddonSubscription","Recommendation":"The requests seems to be time consuming from server\/network side. This needs to be profiled"},{"ruleHeader":"Combine CSS and JS","Message":"none","Recommendation":"none"}]}},{"Ooredoo_PostpaidDgl_T06_ChooseAddon":{"NetworkDetails":[],"Recommendation":[{"ruleHeader":"Validate no. of requests in a page","Message":"Total no. of requests in the page:0.,No. of requests per page is within the industry standard","Recommendation":"none"},{"ruleHeader":"Leverage Browsing Cache","Message":"none","Recommendation":"none"},{"ruleHeader":"Apply Compression Technique","Message":"none","Recommendation":"none"},{"ruleHeader":"Avoid Duplicate calls","Message":"none","Recommendation":"none"},{"ruleHeader":"Errorneous Requests","Message":"none","Recommendation":"none"},{"ruleHeader":"Avoid Redirects","Message":"none","Recommendation":"none"},{"ruleHeader":"Server time consuming","Message":"none","Recommendation":"none"},{"ruleHeader":"Combine CSS and JS","Message":"none","Recommendation":"none"}]}},{"Ooredoo_PostpaidDgl_T04_BackToHome":{"NetworkDetails":[{"Status":"COMPLETE","ResponseSize":108,"RequestedPage":"GET \/server4\/v1\/user\/account\/oib\/unread\/message\/count HTTP\/1.1","STATUS":200,"RequestSize":577,"ResponseTime":4481,"Time":{"requestBegin":"2019-05-10T15:07:47.319+05:30","start":"2019-05-10T15:07:45.833+05:30","responseBegin":"2019-05-10T15:07:50.313+05:30","end":"2019-05-10T15:07:50.314+05:30","requestComplete":"2019-05-10T15:07:47.319+05:30"},"Duration":{"request":0,"total":3896,"response":1,"latency":2994,"dns":2,"ssl":603,"connect":296},"Domain":"selfcaretest.ooredoo.om","Latency":2994},{"Status":"COMPLETE","ResponseSize":35968,"RequestedPage":"GET \/server4\/v1\/user\/account\/home\/data?channel=MOBILE&status=NOT_A_MEMBER&product=MOBILE&subscription=POSTPAID_DIGITAL&msisdn=79302253&user=DIGITAL&id=97362 HTTP\/1.1","STATUS":200,"RequestSize":680,"ResponseTime":4489,"Time":{"requestBegin":"2019-05-10T15:07:46.922+05:30","start":"2019-05-10T15:07:45.957+05:30","responseBegin":"2019-05-10T15:07:50.125+05:30","end":"2019-05-10T15:07:50.446+05:30","requestComplete":"2019-05-10T15:07:46.922+05:30"},"Duration":{"request":0,"total":4435,"response":321,"latency":3203,"dns":2,"ssl":598,"connect":311},"Domain":"selfcaretest.ooredoo.om","Latency":3203},{"Status":"COMPLETE","ResponseSize":499960,"RequestedPage":"GET \/server4\/v1\/images\/download\/0931cba1-9ce6-4313-9c4a-fb602a9eb0ea HTTP\/1.1","STATUS":200,"RequestSize":592,"ResponseTime":10639,"Time":{"requestBegin":"2019-05-10T15:07:52.001+05:30","start":"2019-05-10T15:07:50.705+05:30","responseBegin":"2019-05-10T15:07:57.191+05:30","end":"2019-05-10T15:08:01.344+05:30","requestComplete":"2019-05-10T15:07:52.002+05:30"},"Duration":{"request":1,"total":10314,"response":4153,"latency":5189,"dns":1,"ssl":630,"connect":340},"Domain":"selfcaretest.ooredoo.om","Latency":5189}],"Recommendation":[{"ruleHeader":"Validate no. of requests in a page","Message":"Total no. of requests in the page:3.,No. of requests per page is within the industry standard","Recommendation":"none"},{"ruleHeader":"Leverage Browsing Cache","Message":"Url's without any expiry header:,https:\/\/selfcaretest.ooredoo.om\/server4\/v1\/user\/account\/oib\/unread\/message\/count, https:\/\/selfcaretest.ooredoo.om\/server4\/v1\/user\/account\/home\/data?channel=MOBILE&status=NOT_A_MEMBER&product=MOBILE&subscription=POSTPAID_DIGITAL&msisdn=79302253&user=DIGITAL&id=97362, https:\/\/selfcaretest.ooredoo.om\/server4\/v1\/images\/download\/0931cba1-9ce6-4313-9c4a-fb602a9eb0ea,","Recommendation":"For having a good caching startegy it is recoomended to have cache control and expires header for all the resources, Also as a best practice it is recommended that no resources to get 304 status"},{"ruleHeader":"Apply Compression Technique","Message":"No compression methodologies has been applied for the below URL's:,https:\/\/selfcaretest.ooredoo.om\/server4\/v1\/user\/account\/oib\/unread\/message\/count, https:\/\/selfcaretest.ooredoo.om\/server4\/v1\/user\/account\/home\/data?channel=MOBILE&status=NOT_A_MEMBER&product=MOBILE&subscription=POSTPAID_DIGITAL&msisdn=79302253&user=DIGITAL&id=97362, https:\/\/selfcaretest.ooredoo.om\/server4\/v1\/images\/download\/0931cba1-9ce6-4313-9c4a-fb602a9eb0ea","Recommendation":"It is recommended to apply gzip\/deflate\/br compression techniques to the resources by which we can minimize the amount of data getting transferred"},{"ruleHeader":"Avoid Duplicate calls","Message":"none","Recommendation":"none"},{"ruleHeader":"Errorneous Requests","Message":"none","Recommendation":"none"},{"ruleHeader":"Avoid Redirects","Message":"none","Recommendation":"none"},{"ruleHeader":"Server time consuming","Message":"Response time for the below individual request is over 500ms:, https:\/\/selfcaretest.ooredoo.om\/server4\/v1\/user\/account\/oib\/unread\/message\/count, https:\/\/selfcaretest.ooredoo.om\/server4\/v1\/user\/account\/home\/data?channel=MOBILE&status=NOT_A_MEMBER&product=MOBILE&subscription=POSTPAID_DIGITAL&msisdn=79302253&user=DIGITAL&id=97362, https:\/\/selfcaretest.ooredoo.om\/server4\/v1\/images\/download\/0931cba1-9ce6-4313-9c4a-fb602a9eb0ea","Recommendation":"The requests seems to be time consuming from server\/network side. This needs to be profiled"},{"ruleHeader":"Combine CSS and JS","Message":"none","Recommendation":"none"}]}},{"Ooredoo_PostpaidDgl_T03_RedeemPoints":{"NetworkDetails":[{"Status":"COMPLETE","ResponseSize":109,"RequestedPage":"GET \/server4\/v1\/loyalty\/companies?offer=REDEEM&channel=MOBILE&status=NOT_A_MEMBER&product=MOBILE&subscription=POSTPAID_DIGITAL&user=DIGITAL HTTP\/1.1","STATUS":200,"RequestSize":663,"ResponseTime":1932,"Time":{"requestBegin":"2019-05-10T15:07:09.946+05:30","start":"2019-05-10T15:07:08.464+05:30","responseBegin":"2019-05-10T15:07:10.394+05:30","end":"2019-05-10T15:07:10.396+05:30","requestComplete":"2019-05-10T15:07:09.947+05:30"},"Duration":{"request":1,"total":1650,"response":2,"latency":447,"dns":1,"ssl":805,"connect":394},"Domain":"selfcaretest.ooredoo.om","Latency":447}],"Recommendation":[{"ruleHeader":"Validate no. of requests in a page","Message":"Total no. of requests in the page:1.,No. of requests per page is within the industry standard","Recommendation":"none"},{"ruleHeader":"Leverage Browsing Cache","Message":"Url's without any expiry header:,https:\/\/selfcaretest.ooredoo.om\/server4\/v1\/loyalty\/companies?offer=REDEEM&channel=MOBILE&status=NOT_A_MEMBER&product=MOBILE&subscription=POSTPAID_DIGITAL&user=DIGITAL,","Recommendation":"For having a good caching startegy it is recoomended to have cache control and expires header for all the resources, Also as a best practice it is recommended that no resources to get 304 status"},{"ruleHeader":"Apply Compression Technique","Message":"No compression methodologies has been applied for the below URL's:,https:\/\/selfcaretest.ooredoo.om\/server4\/v1\/loyalty\/companies?offer=REDEEM&channel=MOBILE&status=NOT_A_MEMBER&product=MOBILE&subscription=POSTPAID_DIGITAL&user=DIGITAL","Recommendation":"It is recommended to apply gzip\/deflate\/br compression techniques to the resources by which we can minimize the amount of data getting transferred"},{"ruleHeader":"Avoid Duplicate calls","Message":"none","Recommendation":"none"},{"ruleHeader":"Errorneous Requests","Message":"none","Recommendation":"none"},{"ruleHeader":"Avoid Redirects","Message":"none","Recommendation":"none"},{"ruleHeader":"Server time consuming","Message":"Response time for the below individual request is over 500ms:, https:\/\/selfcaretest.ooredoo.om\/server4\/v1\/loyalty\/companies?offer=REDEEM&channel=MOBILE&status=NOT_A_MEMBER&product=MOBILE&subscription=POSTPAID_DIGITAL&user=DIGITAL","Recommendation":"The requests seems to be time consuming from server\/network side. This needs to be profiled"},{"ruleHeader":"Combine CSS and JS","Message":"none","Recommendation":"none"}]}},{"Ooredoo_PostpaidDgl_T07_SubmitBundle":{"NetworkDetails":[{"Status":"COMPLETE","ResponseSize":79,"RequestedPage":"POST \/server4\/v1\/hs\/subscribe\/bundle\/createAddonSubscription HTTP\/1.1","STATUS":200,"RequestSize":776,"ResponseTime":3474,"Time":{"requestBegin":"2019-05-10T15:09:50.598+05:30","start":"2019-05-10T15:09:48.916+05:30","responseBegin":"2019-05-10T15:09:52.389+05:30","end":"2019-05-10T15:09:52.390+05:30","requestComplete":"2019-05-10T15:09:50.600+05:30"},"Duration":{"request":2,"total":3030,"response":1,"latency":1789,"dns":2,"ssl":816,"connect":420},"Domain":"selfcaretest.ooredoo.om","Latency":1789}],"Recommendation":[{"ruleHeader":"Validate no. of requests in a page","Message":"Total no. of requests in the page:1.,No. of requests per page is within the industry standard","Recommendation":"none"},{"ruleHeader":"Leverage Browsing Cache","Message":"Url's without any expiry header:,https:\/\/selfcaretest.ooredoo.om\/server4\/v1\/hs\/subscribe\/bundle\/createAddonSubscription,","Recommendation":"For having a good caching startegy it is recoomended to have cache control and expires header for all the resources, Also as a best practice it is recommended that no resources to get 304 status"},{"ruleHeader":"Apply Compression Technique","Message":"No compression methodologies has been applied for the below URL's:,https:\/\/selfcaretest.ooredoo.om\/server4\/v1\/hs\/subscribe\/bundle\/createAddonSubscription","Recommendation":"It is recommended to apply gzip\/deflate\/br compression techniques to the resources by which we can minimize the amount of data getting transferred"},{"ruleHeader":"Avoid Duplicate calls","Message":"none","Recommendation":"none"},{"ruleHeader":"Errorneous Requests","Message":"none","Recommendation":"none"},{"ruleHeader":"Avoid Redirects","Message":"none","Recommendation":"none"},{"ruleHeader":"Server time consuming","Message":"Response time for the below individual request is over 500ms:, https:\/\/selfcaretest.ooredoo.om\/server4\/v1\/hs\/subscribe\/bundle\/createAddonSubscription","Recommendation":"The requests seems to be time consuming from server\/network side. This needs to be profiled"},{"ruleHeader":"Combine CSS and JS","Message":"none","Recommendation":"none"}]}},{"Ooredoo_PostpaidDgl_T09_SelectCountry":{"NetworkDetails":[],"Recommendation":[{"ruleHeader":"Validate no. of requests in a page","Message":"Total no. of requests in the page:0.,No. of requests per page is within the industry standard","Recommendation":"none"},{"ruleHeader":"Leverage Browsing Cache","Message":"none","Recommendation":"none"},{"ruleHeader":"Apply Compression Technique","Message":"none","Recommendation":"none"},{"ruleHeader":"Avoid Duplicate calls","Message":"none","Recommendation":"none"},{"ruleHeader":"Errorneous Requests","Message":"none","Recommendation":"none"},{"ruleHeader":"Avoid Redirects","Message":"none","Recommendation":"none"},{"ruleHeader":"Server time consuming","Message":"none","Recommendation":"none"},{"ruleHeader":"Combine CSS and JS","Message":"none","Recommendation":"none"}]}},{"Ooredoo_PostpaidDgl_T08_ClickRoaming":{"NetworkDetails":[{"Status":"COMPLETE","ResponseSize":91327,"RequestedPage":"GET \/server4\/v1\/roaming\/getCountriesPostpaidRoamingProducts?msisdn=79302253&bundleAttributeKey=ROAMING HTTP\/1.1","STATUS":200,"RequestSize":626,"ResponseTime":3896,"Time":{"requestBegin":"2019-05-10T15:10:32.264+05:30","start":"2019-05-10T15:10:30.811+05:30","responseBegin":"2019-05-10T15:10:33.657+05:30","end":"2019-05-10T15:10:34.707+05:30","requestComplete":"2019-05-10T15:10:32.265+05:30"},"Duration":{"request":1,"total":3543,"response":1050,"latency":1392,"dns":2,"ssl":715,"connect":383},"Domain":"selfcaretest.ooredoo.om","Latency":1392}],"Recommendation":[{"ruleHeader":"Validate no. of requests in a page","Message":"Total no. of requests in the page:1.,No. of requests per page is within the industry standard","Recommendation":"none"},{"ruleHeader":"Leverage Browsing Cache","Message":"Url's without any expiry header:,https:\/\/selfcaretest.ooredoo.om\/server4\/v1\/roaming\/getCountriesPostpaidRoamingProducts?msisdn=79302253&bundleAttributeKey=ROAMING,","Recommendation":"For having a good caching startegy it is recoomended to have cache control and expires header for all the resources, Also as a best practice it is recommended that no resources to get 304 status"},{"ruleHeader":"Apply Compression Technique","Message":"No compression methodologies has been applied for the below URL's:,https:\/\/selfcaretest.ooredoo.om\/server4\/v1\/roaming\/getCountriesPostpaidRoamingProducts?msisdn=79302253&bundleAttributeKey=ROAMING","Recommendation":"It is recommended to apply gzip\/deflate\/br compression techniques to the resources by which we can minimize the amount of data getting transferred"},{"ruleHeader":"Avoid Duplicate calls","Message":"none","Recommendation":"none"},{"ruleHeader":"Errorneous Requests","Message":"none","Recommendation":"none"},{"ruleHeader":"Avoid Redirects","Message":"none","Recommendation":"none"},{"ruleHeader":"Server time consuming","Message":"Response time for the below individual request is over 500ms:, https:\/\/selfcaretest.ooredoo.om\/server4\/v1\/roaming\/getCountriesPostpaidRoamingProducts?msisdn=79302253&bundleAttributeKey=ROAMING","Recommendation":"The requests seems to be time consuming from server\/network side. This needs to be profiled"},{"ruleHeader":"Combine CSS and JS","Message":"none","Recommendation":"none"}]}},{"Ooredoo_PostpaidDgl_T02_ClickNojoom":{"NetworkDetails":[{"Status":"COMPLETE","ResponseSize":108,"RequestedPage":"GET \/server4\/v1\/user\/account\/oib\/unread\/message\/count HTTP\/1.1","STATUS":200,"RequestSize":577,"ResponseTime":4789,"Time":{"requestBegin":"2019-05-10T15:06:34.890+05:30","start":"2019-05-10T15:06:33.658+05:30","responseBegin":"2019-05-10T15:06:38.446+05:30","end":"2019-05-10T15:06:38.447+05:30","requestComplete":"2019-05-10T15:06:34.890+05:30"},"Duration":{"request":0,"total":4708,"response":1,"latency":3556,"dns":1,"ssl":766,"connect":384},"Domain":"selfcaretest.ooredoo.om","Latency":3556},{"Status":"COMPLETE","ResponseSize":105,"RequestedPage":"GET \/server4\/v1\/loyalty\/offers?status=NOT_A_MEMBER&product=MOBILE&subscription=POSTPAID_DIGITAL&user=DIGITAL&channel=MOBILE HTTP\/1.1","STATUS":200,"RequestSize":647,"ResponseTime":1795,"Time":{"requestBegin":"2019-05-10T15:06:35.441+05:30","start":"2019-05-10T15:06:34.093+05:30","responseBegin":"2019-05-10T15:06:35.887+05:30","end":"2019-05-10T15:06:35.888+05:30","requestComplete":"2019-05-10T15:06:35.442+05:30"},"Duration":{"request":1,"total":1587,"response":1,"latency":445,"dns":2,"ssl":781,"connect":357},"Domain":"selfcaretest.ooredoo.om","Latency":445}],"Recommendation":[{"ruleHeader":"Validate no. of requests in a page","Message":"Total no. of requests in the page:2.,No. of requests per page is within the industry standard","Recommendation":"none"},{"ruleHeader":"Leverage Browsing Cache","Message":"Url's without any expiry header:,https:\/\/selfcaretest.ooredoo.om\/server4\/v1\/user\/account\/oib\/unread\/message\/count, https:\/\/selfcaretest.ooredoo.om\/server4\/v1\/loyalty\/offers?status=NOT_A_MEMBER&product=MOBILE&subscription=POSTPAID_DIGITAL&user=DIGITAL&channel=MOBILE,","Recommendation":"For having a good caching startegy it is recoomended to have cache control and expires header for all the resources, Also as a best practice it is recommended that no resources to get 304 status"},{"ruleHeader":"Apply Compression Technique","Message":"No compression methodologies has been applied for the below URL's:,https:\/\/selfcaretest.ooredoo.om\/server4\/v1\/user\/account\/oib\/unread\/message\/count, https:\/\/selfcaretest.ooredoo.om\/server4\/v1\/loyalty\/offers?status=NOT_A_MEMBER&product=MOBILE&subscription=POSTPAID_DIGITAL&user=DIGITAL&channel=MOBILE","Recommendation":"It is recommended to apply gzip\/deflate\/br compression techniques to the resources by which we can minimize the amount of data getting transferred"},{"ruleHeader":"Avoid Duplicate calls","Message":"none","Recommendation":"none"},{"ruleHeader":"Errorneous Requests","Message":"none","Recommendation":"none"},{"ruleHeader":"Avoid Redirects","Message":"none","Recommendation":"none"},{"ruleHeader":"Server time consuming","Message":"Response time for the below individual request is over 500ms:, https:\/\/selfcaretest.ooredoo.om\/server4\/v1\/user\/account\/oib\/unread\/message\/count, https:\/\/selfcaretest.ooredoo.om\/server4\/v1\/loyalty\/offers?status=NOT_A_MEMBER&product=MOBILE&subscription=POSTPAID_DIGITAL&user=DIGITAL&channel=MOBILE","Recommendation":"The requests seems to be time consuming from server\/network side. This needs to be profiled"},{"ruleHeader":"Combine CSS and JS","Message":"none","Recommendation":"none"}]}}]},{"App-Launch":[{"App-Launch":{"NetworkDetails":[],"Recommendation":[{"ruleHeader":"Validate no. of requests in a page","Message":"Total no. of requests in the page:0.,No. of requests per page is within the industry standard","Recommendation":"none"},{"ruleHeader":"Leverage Browsing Cache","Message":"none","Recommendation":"none"},{"ruleHeader":"Apply Compression Technique","Message":"none","Recommendation":"none"},{"ruleHeader":"Avoid Duplicate calls","Message":"none","Recommendation":"none"},{"ruleHeader":"Errorneous Requests","Message":"none","Recommendation":"none"},{"ruleHeader":"Avoid Redirects","Message":"none","Recommendation":"none"},{"ruleHeader":"Server time consuming","Message":"none","Recommendation":"none"},{"ruleHeader":"Combine CSS and JS","Message":"none","Recommendation":"none"}]}}]}]