{"_shards":{"failed":0,"successful":2,"total":2},"hits":{"hits":[{"_id":"AVr04BKceAAlKmH98W1h","_index":"jmx","_score":1,"_source":{"Build Number":"54","CPU":0,"Memory":118.342415,"Project_name":"JMX","Run Id":"54","ThreadCount":"33"},"_type":"run"},{"_id":"AVr1V0EneAAlKmH98W19","_index":"jmx","_score":1,"_source":{"Build Number":"57","CPU":0,"Memory":217.67961,"Project_name":"JMX","Run Id":"57","ThreadCount":"42"},"_type":"run"},{"_id":"AVr1bYDAeAAlKmH98W2L","_index":"jmx","_score":1,"_source":{"Build Number":"60","CPU":24.22,"Memory":200.49426,"Project_name":"JMX","Run Id":"60","ThreadCount":"34"},"_type":"run"},{"_id":"AVskATi5Q4zZiFqIr68K","_index":"jmx","_score":1,"_source":{"Build Number":"66","CPU":1.9,"Memory":178.93881,"Project_name":"JMX","Run Id":"66","ThreadCount":"34"},"_type":"run"},{"_id":"AVtX3HfwQ4zZiFqIr68Z","_index":"jmx","_score":1,"_source":{"Build Number":"67","CPU":0,"Memory":162.97998,"Project_name":"JMX","Run Id":"67","ThreadCount":"29"},"_type":"run"},{"_id":"AVtcfXfRQ4zZiFqIr68w","_index":"jmx","_score":1,"_source":{"Build Number":"69","CPU":2.07,"Memory":230.53671,"Project_name":"JMX","Run Id":"69","ThreadCount":"35"},"_type":"run"},{"_id":"AVr1cgF9eAAlKmH98W2V","_index":"jmx","_score":1,"_source":{"Build Number":"61","CPU":27.250000000000004,"Memory":242.39108,"Project_name":"JMX","Run Id":"61","ThreadCount":"40"},"_type":"run"},{"_id":"AVr1bQo9eAAlKmH98W2K","_index":"jmx","_score":1,"_source":{"Build Number":"59","CPU":24.68,"Memory":200.49426,"Project_name":"JMX","Run Id":"59","ThreadCount":"34"},"_type":"run"},{"_id":"AVrxcCVueAAlKmH98W1G","_index":"jmx","_score":1,"_source":{"Build Number":"52","CPU":0,"Memory":146.37566,"Project_name":"JMX","Run Id":"52","ThreadCount":"33"},"_type":"run"},{"_id":"AVrxxIoaeAAlKmH98W1U","_index":"jmx","_score":1,"_source":{"Build Number":"53","CPU":0,"Memory":122.84139,"Project_name":"JMX","Run Id":"53","ThreadCount":"33"},"_type":"run"},{"_id":"AVr1RFweeAAlKmH98W1t","_index":"jmx","_score":1,"_source":{"Build Number":"55","CPU":0,"Memory":132.80875,"Project_name":"JMX","Run Id":"55","ThreadCount":"34"},"_type":"run"},{"_id":"AVr1SUSOeAAlKmH98W11","_index":"jmx","_score":1,"_source":{"Build Number":"56","CPU":0,"Memory":207.60315,"Project_name":"JMX","Run Id":"56","ThreadCount":"35"},"_type":"run"},{"_id":"AVr1azmoeAAlKmH98W2J","_index":"jmx","_score":1,"_source":{"Build Number":"58","CPU":0,"Memory":200.1756,"Project_name":"JMX","Run Id":"58","ThreadCount":"42"},"_type":"run"},{"_id":"AVr1gU5_eAAlKmH98W2h","_index":"jmx","_score":1,"_source":{"Build Number":"62","CPU":30.11,"Memory":225.99979,"Project_name":"JMX","Run Id":"62","ThreadCount":"42"},"_type":"run"},{"_id":"AVsUdyjuQ4zZiFqIr67j","_index":"jmx","_score":1,"_source":{"Build Number":"63","CPU":1.5599999999999998,"Memory":172.30508,"Project_name":"JMX","Run Id":"63","ThreadCount":"35"},"_type":"run"},{"_id":"AVsYDFOAQ4zZiFqIr67z","_index":"jmx","_score":1,"_source":{"Build Number":"64","CPU":0,"Memory":155.15126,"Project_name":"JMX","Run Id":"64","ThreadCount":"29"},"_type":"run"},{"_id":"AVse-uhcQ4zZiFqIr679","_index":"jmx","_score":1,"_source":{"Build Number":"65","CPU":0,"Memory":142.80588,"Project_name":"JMX","Run Id":"65","ThreadCount":"29"},"_type":"run"},{"_id":"AVtX6HRsQ4zZiFqIr68d","_index":"jmx","_score":1,"_source":{"Build Number":"68","CPU":38.29,"Memory":203.4747,"Project_name":"JMX","Run Id":"68","ThreadCount":"29"},"_type":"run"},{"_id":"AVtg4CYQAXseR2EsSHu1","_index":"jmx","_score":1,"_source":{"Build Number":"70","CPU":3.34,"Memory":190.84131,"Project_name":"JMX","Run Id":"70","ThreadCount":"33"},"_type":"run"}],"max_score":1,"total":19},"timed_out":false,"took":1}
