{"_shards":{"failed":0,"successful":2,"total":2},"hits":{"hits":[{"_id":"AVr1Q78YeAAlKmH98W1q","_index":"lr_demo","_score":1,"_source":{"70 Percentile":"1.547","80 Percentile":"1.547","85 Percentile":"1.547","90 Percentile":"1.547","95 Percentile":"1.547","Average":"1.185","Baseline":"N","BuildNumber":"28","EndTime":" 22/03/2017 09:04:28","Fail":"0","Maximum":"1.547","Minimum":"0.959","Pass":"4","ProjectName":"C:\\CI_LR\\LR scenario\\LR_Demo.lrs","Release":"01","RunID":"28","SLAviolationcount":2,"StartTime":"22/03/2017 09:02:57","StdDeviation":"0.221","TransactionName":"02_ViewBookingsflowPage","VirtualUsers":"2"},"_timestamp":1490173542168,"_type":"run"},{"_id":"AVr1Q78peAAlKmH98W1r","_index":"lr_demo","_score":1,"_source":{"70 Percentile":"0.265","80 Percentile":"0.265","85 Percentile":"0.265","90 Percentile":"0.265","95 Percentile":"0.265","Average":"0.078","Baseline":"N","BuildNumber":"28","EndTime":" 22/03/2017 09:04:28","Fail":"0","Maximum":"0.265","Minimum":"0.015","Pass":"4","ProjectName":"C:\\CI_LR\\LR scenario\\LR_Demo.lrs","Release":"01","RunID":"28","SLAviolationcount":2,"StartTime":"22/03/2017 09:02:57","StdDeviation":"0.108","TransactionName":"03_BookNowPage","VirtualUsers":"2"},"_timestamp":1490173542185,"_type":"run"},{"_id":"AVr1Q780eAAlKmH98W1s","_index":"lr_demo","_score":1,"_source":{"70 Percentile":"1.352","80 Percentile":"1.352","85 Percentile":"1.352","90 Percentile":"1.352","95 Percentile":"1.352","Average":"1.265","Baseline":"N","BuildNumber":"28","EndTime":" 22/03/2017 09:04:28","Fail":"0","Maximum":"1.352","Minimum":"1.157","Pass":"4","ProjectName":"C:\\CI_LR\\LR scenario\\LR_Demo.lrs","Release":"01","RunID":"28","SLAviolationcount":2,"StartTime":"22/03/2017 09:02:57","StdDeviation":"0.082","TransactionName":"04_SubmitBookingPage","VirtualUsers":"2"},"_timestamp":1490173542196,"_type":"run"},{"_id":"AVrw2htRpQSETYJga34H","_index":"lr_demo","_score":1,"_source":{"70 Percentile":"0.058","80 Percentile":"0.058","85 Percentile":"0.058","90 Percentile":"0.058","95 Percentile":"0.058","Average":"0.039","Baseline":"N","BuildNumber":"21","EndTime":" 21/03/2017 12:30:36","Fail":"0","Maximum":"0.058","Minimum":"0.026","Pass":"4","ProjectName":"C:\\CI_LR\\LR scenario\\LR_Demo.lrs","Release":"01","RunID":"21","SLAviolationcount":2,"StartTime":"21/03/2017 12:29:06","StdDeviation":"0.012","TransactionName":"01_homepage","VirtualUsers":"2"},"_timestamp":1490099510097,"_type":"run"},{"_id":"AVrw2htxpQSETYJga34J","_index":"lr_demo","_score":1,"_source":{"70 Percentile":"0.261","80 Percentile":"0.261","85 Percentile":"0.261","90 Percentile":"0.261","95 Percentile":"0.261","Average":"0.086","Baseline":"N","BuildNumber":"21","EndTime":" 21/03/2017 12:30:36","Fail":"0","Maximum":"0.261","Minimum":"0.017","Pass":"4","ProjectName":"C:\\CI_LR\\LR scenario\\LR_Demo.lrs","Release":"01","RunID":"21","SLAviolationcount":2,"StartTime":"21/03/2017 12:29:06","StdDeviation":"0.101","TransactionName":"03_BookNowPage","VirtualUsers":"2"},"_timestamp":1490099510129,"_type":"run"},{"_id":"AVrw2huApQSETYJga34K","_index":"lr_demo","_score":1,"_source":{"70 Percentile":"1.133","80 Percentile":"1.133","85 Percentile":"1.133","90 Percentile":"1.133","95 Percentile":"1.133","Average":"1.087","Baseline":"N","BuildNumber":"21","EndTime":" 21/03/2017 12:30:36","Fail":"0","Maximum":"1.133","Minimum":"0.999","Pass":"4","ProjectName":"C:\\CI_LR\\LR scenario\\LR_Demo.lrs","Release":"01","RunID":"21","SLAviolationcount":2,"StartTime":"21/03/2017 12:29:06","StdDeviation":"0.052","TransactionName":"04_SubmitBookingPage","VirtualUsers":"2"},"_timestamp":1490099510144,"_type":"run"},{"_id":"AVrxb4aPeAAlKmH98W1C","_index":"lr_demo","_score":1,"_source":{"70 Percentile":"0.034","80 Percentile":"0.034","85 Percentile":"0.034","90 Percentile":"0.034","95 Percentile":"0.034","Average":"0.028","Baseline":"N","BuildNumber":"25","EndTime":" 21/03/2017 15:14:18","Fail":"0","Maximum":"0.034","Minimum":"0.022","Pass":"4","ProjectName":"C:\\CI_LR\\LR scenario\\LR_Demo.lrs","Release":"01","RunID":"25","SLAviolationcount":2,"StartTime":"21/03/2017 15:12:49","StdDeviation":"0.004","TransactionName":"01_homepage","VirtualUsers":"2"},"_timestamp":1490109302415,"_type":"run"},{"_id":"AVrxb4aveAAlKmH98W1E","_index":"lr_demo","_score":1,"_source":{"70 Percentile":"0.021","80 Percentile":"0.021","85 Percentile":"0.021","90 Percentile":"0.021","95 Percentile":"0.021","Average":"0.017","Baseline":"N","BuildNumber":"25","EndTime":" 21/03/2017 15:14:18","Fail":"0","Maximum":"0.021","Minimum":"0.015","Pass":"4","ProjectName":"C:\\CI_LR\\LR scenario\\LR_Demo.lrs","Release":"01","RunID":"25","SLAviolationcount":2,"StartTime":"21/03/2017 15:12:49","StdDeviation":"0.003","TransactionName":"03_BookNowPage","VirtualUsers":"2"},"_timestamp":1490109302447,"_type":"run"},{"_id":"AVrxb4aveAAlKmH98W1F","_index":"lr_demo","_score":1,"_source":{"70 Percentile":"1.05","80 Percentile":"1.05","85 Percentile":"1.05","90 Percentile":"1.05","95 Percentile":"1.05","Average":"0.991","Baseline":"N","BuildNumber":"25","EndTime":" 21/03/2017 15:14:18","Fail":"0","Maximum":"1.05","Minimum":"0.941","Pass":"4","ProjectName":"C:\\CI_LR\\LR scenario\\LR_Demo.lrs","Release":"01","RunID":"25","SLAviolationcount":2,"StartTime":"21/03/2017 15:12:49","StdDeviation":"0.045","TransactionName":"04_SubmitBookingPage","VirtualUsers":"2"},"_timestamp":1490109302447,"_type":"run"},{"_id":"AVrw6XPypQSETYJga34Y","_index":"lr_demo","_score":1,"_source":{"70 Percentile":"0.045","80 Percentile":"0.045","85 Percentile":"0.045","90 Percentile":"0.045","95 Percentile":"0.045","Average":"0.042","Baseline":"N","BuildNumber":"23","EndTime":" 21/03/2017 12:47:27","Fail":"0","Maximum":"0.045","Minimum":"0.038","Pass":"4","ProjectName":"C:\\CI_LR\\LR scenario\\LR_Demo.lrs","Release":"01","RunID":"23","SLAviolationcount":2,"StartTime":"21/03/2017 12:45:56","StdDeviation":"0.003","TransactionName":"03_BookNowPage","VirtualUsers":"2"},"_timestamp":1490100515826,"_type":"run"},{"_id":"AVrw6XQApQSETYJga34Z","_index":"lr_demo","_score":1,"_source":{"70 Percentile":"1.117","80 Percentile":"1.117","85 Percentile":"1.117","90 Percentile":"1.117","95 Percentile":"1.117","Average":"1.056","Baseline":"N","BuildNumber":"23","EndTime":" 21/03/2017 12:47:27","Fail":"0","Maximum":"1.117","Minimum":"0.99","Pass":"4","ProjectName":"C:\\CI_LR\\LR scenario\\LR_Demo.lrs","Release":"01","RunID":"23","SLAviolationcount":2,"StartTime":"21/03/2017 12:45:56","StdDeviation":"0.057","TransactionName":"04_SubmitBookingPage","VirtualUsers":"2"},"_timestamp":1490100515840,"_type":"run"},{"_id":"AVrw_NarpQSETYJga34o","_index":"lr_demo","_score":1,"_source":{"70 Percentile":"0.978","80 Percentile":"0.978","85 Percentile":"0.978","90 Percentile":"0.978","95 Percentile":"0.978","Average":"0.888","Baseline":"N","BuildNumber":"24","EndTime":" 21/03/2017 13:09:05","Fail":"0","Maximum":"0.978","Minimum":"0.82","Pass":"4","ProjectName":"C:\\CI_LR\\LR scenario\\LR_Demo.lrs","Release":"01","RunID":"24","SLAviolationcount":2,"StartTime":"21/03/2017 13:07:36","StdDeviation":"0.066","TransactionName":"02_ViewBookingsflowPage","VirtualUsers":"2"},"_timestamp":1490101786283,"_type":"run"},{"_id":"AVrw_NbNpQSETYJga34q","_index":"lr_demo","_score":1,"_source":{"70 Percentile":"1.083","80 Percentile":"1.083","85 Percentile":"1.083","90 Percentile":"1.083","95 Percentile":"1.083","Average":"1.035","Baseline":"N","BuildNumber":"24","EndTime":" 21/03/2017 13:09:05","Fail":"0","Maximum":"1.083","Minimum":"0.99","Pass":"4","ProjectName":"C:\\CI_LR\\LR scenario\\LR_Demo.lrs","Release":"01","RunID":"24","SLAviolationcount":2,"StartTime":"21/03/2017 13:07:36","StdDeviation":"0.041","TransactionName":"04_SubmitBookingPage","VirtualUsers":"2"},"_timestamp":1490101786317,"_type":"run"},{"_id":"AVr1Vp1PeAAlKmH98W15","_index":"lr_demo","_score":1,"_source":{"70 Percentile":"0.085","80 Percentile":"0.085","85 Percentile":"0.085","90 Percentile":"0.085","95 Percentile":"0.085","Average":"0.061","Baseline":"N","BuildNumber":"30","EndTime":" 22/03/2017 09:24:55","Fail":"0","Maximum":"0.085","Minimum":"0.035","Pass":"4","ProjectName":"C:\\CI_LR\\LR scenario\\LR_Demo.lrs","Release":"01","RunID":"30","SLAviolationcount":2,"StartTime":"22/03/2017 09:23:22","StdDeviation":"0.021","TransactionName":"01_homepage","VirtualUsers":"2"},"_timestamp":1490174778703,"_type":"run"},{"_id":"AVr1Vp12eAAlKmH98W16","_index":"lr_demo","_score":1,"_source":{"70 Percentile":"2.109","80 Percentile":"2.109","85 Percentile":"2.109","90 Percentile":"2.109","95 Percentile":"2.109","Average":"1.624","Baseline":"N","BuildNumber":"30","EndTime":" 22/03/2017 09:24:55","Fail":"0","Maximum":"2.109","Minimum":"1.067","Pass":"4","ProjectName":"C:\\CI_LR\\LR scenario\\LR_Demo.lrs","Release":"01","RunID":"30","SLAviolationcount":2,"StartTime":"22/03/2017 09:23:22","StdDeviation":"0.38","TransactionName":"02_ViewBookingsflowPage","VirtualUsers":"2"},"_timestamp":1490174778742,"_type":"run"},{"_id":"AVr032pzeAAlKmH98W1d","_index":"lr_demo","_score":1,"_source":{"70 Percentile":"0.269","80 Percentile":"0.269","85 Percentile":"0.269","90 Percentile":"0.269","95 Percentile":"0.269","Average":"0.087","Baseline":"N","BuildNumber":"27","EndTime":" 22/03/2017 07:14:52","Fail":"0","Maximum":"0.269","Minimum":"0.023","Pass":"4","ProjectName":"C:\\CI_LR\\LR scenario\\LR_Demo.lrs","Release":"01","RunID":"27","SLAviolationcount":2,"StartTime":"22/03/2017 07:13:22","StdDeviation":"0.105","TransactionName":"01_homepage","VirtualUsers":"2"},"_timestamp":1490166966899,"_type":"run"},{"_id":"AVr032qDeAAlKmH98W1e","_index":"lr_demo","_score":1,"_source":{"70 Percentile":"1.49","80 Percentile":"1.49","85 Percentile":"1.49","90 Percentile":"1.49","95 Percentile":"1.49","Average":"1.139","Baseline":"N","BuildNumber":"27","EndTime":" 22/03/2017 07:14:52","Fail":"0","Maximum":"1.49","Minimum":"0.898","Pass":"4","ProjectName":"C:\\CI_LR\\LR scenario\\LR_Demo.lrs","Release":"01","RunID":"27","SLAviolationcount":2,"StartTime":"22/03/2017 07:13:22","StdDeviation":"0.222","TransactionName":"02_ViewBookingsflowPage","VirtualUsers":"2"},"_timestamp":1490166966915,"_type":"run"},{"_id":"AVrxw-eieAAlKmH98W1Q","_index":"lr_demo","_score":1,"_source":{"70 Percentile":"0.328","80 Percentile":"0.328","85 Percentile":"0.328","90 Percentile":"0.328","95 Percentile":"0.328","Average":"0.114","Baseline":"N","BuildNumber":"26","EndTime":" 21/03/2017 16:45:59","Fail":"0","Maximum":"0.328","Minimum":"0.033","Pass":"4","ProjectName":"C:\\CI_LR\\LR scenario\\LR_Demo.lrs","Release":"01","RunID":"26","SLAviolationcount":2,"StartTime":"21/03/2017 16:44:30","StdDeviation":"0.124","TransactionName":"01_homepage","VirtualUsers":"2"},"_timestamp":1490114832290,"_type":"run"},{"_id":"AVrxw-fBeAAlKmH98W1S","_index":"lr_demo","_score":1,"_source":{"70 Percentile":"0.025","80 Percentile":"0.025","85 Percentile":"0.025","90 Percentile":"0.025","95 Percentile":"0.025","Average":"0.019","Baseline":"N","BuildNumber":"26","EndTime":" 21/03/2017 16:45:59","Fail":"0","Maximum":"0.025","Minimum":"0.016","Pass":"4","ProjectName":"C:\\CI_LR\\LR scenario\\LR_Demo.lrs","Release":"01","RunID":"26","SLAviolationcount":2,"StartTime":"21/03/2017 16:44:30","StdDeviation":"0.003","TransactionName":"03_BookNowPage","VirtualUsers":"2"},"_timestamp":1490114832321,"_type":"run"},{"_id":"AVr1SJh-eAAlKmH98W1w","_index":"lr_demo","_score":1,"_source":{"70 Percentile":"0.17","80 Percentile":"0.17","85 Percentile":"0.17","90 Percentile":"0.17","95 Percentile":"0.17","Average":"0.097","Baseline":"N","BuildNumber":"29","EndTime":" 22/03/2017 09:09:45","Fail":"0","Maximum":"0.17","Minimum":"0.035","Pass":"4","ProjectName":"C:\\CI_LR\\LR scenario\\LR_Demo.lrs","Release":"01","RunID":"29","SLAviolationcount":2,"StartTime":"22/03/2017 09:08:14","StdDeviation":"0.048","TransactionName":"01_homepage","VirtualUsers":"2"},"_timestamp":1490173859966,"_type":"run"},{"_id":"AVr1SJi7eAAlKmH98W1y","_index":"lr_demo","_score":1,"_source":{"70 Percentile":"0.019","80 Percentile":"0.019","85 Percentile":"0.019","90 Percentile":"0.019","95 Percentile":"0.019","Average":"0.015","Baseline":"N","BuildNumber":"29","EndTime":" 22/03/2017 09:09:45","Fail":"0","Maximum":"0.019","Minimum":"0.013","Pass":"4","ProjectName":"C:\\CI_LR\\LR scenario\\LR_Demo.lrs","Release":"01","RunID":"29","SLAviolationcount":2,"StartTime":"22/03/2017 09:08:14","StdDeviation":"0.002","TransactionName":"03_BookNowPage","VirtualUsers":"2"},"_timestamp":1490173860027,"_type":"run"},{"_id":"AVr1Vp4CeAAlKmH98W17","_index":"lr_demo","_score":1,"_source":{"70 Percentile":"0.026","80 Percentile":"0.026","85 Percentile":"0.026","90 Percentile":"0.026","95 Percentile":"0.026","Average":"0.021","Baseline":"N","BuildNumber":"30","EndTime":" 22/03/2017 09:24:55","Fail":"0","Maximum":"0.026","Minimum":"0.017","Pass":"4","ProjectName":"C:\\CI_LR\\LR scenario\\LR_Demo.lrs","Release":"01","RunID":"30","SLAviolationcount":2,"StartTime":"22/03/2017 09:23:22","StdDeviation":"0.004","TransactionName":"03_BookNowPage","VirtualUsers":"2"},"_timestamp":1490174778882,"_type":"run"},{"_id":"AVr1apYheAAlKmH98W2G","_index":"lr_demo","_score":1,"_source":{"70 Percentile":"1.847","80 Percentile":"1.847","85 Percentile":"1.847","90 Percentile":"1.847","95 Percentile":"1.847","Average":"1.676","Baseline":"N","BuildNumber":"31","EndTime":" 22/03/2017 09:46:53","Fail":"0","Maximum":"1.847","Minimum":"1.463","Pass":"4","ProjectName":"C:\\CI_LR\\LR scenario\\LR_Demo.lrs","Release":"01","RunID":"31","SLAviolationcount":2,"StartTime":"22/03/2017 09:45:20","StdDeviation":"0.172","TransactionName":"02_ViewBookingsflowPage","VirtualUsers":"2"},"_timestamp":1490176087585,"_type":"run"},{"_id":"AVr1apZGeAAlKmH98W2H","_index":"lr_demo","_score":1,"_source":{"70 Percentile":"0.069","80 Percentile":"0.069","85 Percentile":"0.069","90 Percentile":"0.069","95 Percentile":"0.069","Average":"0.03","Baseline":"N","BuildNumber":"31","EndTime":" 22/03/2017 09:46:53","Fail":"0","Maximum":"0.069","Minimum":"0.01","Pass":"4","ProjectName":"C:\\CI_LR\\LR scenario\\LR_Demo.lrs","Release":"01","RunID":"31","SLAviolationcount":2,"StartTime":"22/03/2017 09:45:20","StdDeviation":"0.023","TransactionName":"03_BookNowPage","VirtualUsers":"2"},"_timestamp":1490176087622,"_type":"run"},{"_id":"AVr1apZWeAAlKmH98W2I","_index":"lr_demo","_score":1,"_source":{"70 Percentile":"2.554","80 Percentile":"2.554","85 Percentile":"2.554","90 Percentile":"2.554","95 Percentile":"2.554","Average":"2.016","Baseline":"N","BuildNumber":"31","EndTime":" 22/03/2017 09:46:53","Fail":"0","Maximum":"2.554","Minimum":"1.54","Pass":"4","ProjectName":"C:\\CI_LR\\LR scenario\\LR_Demo.lrs","Release":"01","RunID":"31","SLAviolationcount":2,"StartTime":"22/03/2017 09:45:20","StdDeviation":"0.389","TransactionName":"04_SubmitBookingPage","VirtualUsers":"2"},"_timestamp":1490176087638,"_type":"run"},{"_id":"AVr1cPnGeAAlKmH98W2S","_index":"lr_demo","_score":1,"_source":{"70 Percentile":"5.31","80 Percentile":"5.31","85 Percentile":"5.31","90 Percentile":"5.31","95 Percentile":"5.31","Average":"2.838","Baseline":"N","BuildNumber":"32","EndTime":" 22/03/2017 09:53:50","Fail":"0","Maximum":"5.31","Minimum":"1.63","Pass":"4","ProjectName":"C:\\CI_LR\\LR scenario\\LR_Demo.lrs","Release":"01","RunID":"32","SLAviolationcount":2,"StartTime":"22/03/2017 09:52:17","StdDeviation":"1.465","TransactionName":"04_SubmitBookingPage","VirtualUsers":"2"},"_timestamp":1490176506310,"_type":"run"},{"_id":"AVr1gLCgeAAlKmH98W2e","_index":"lr_demo","_score":1,"_source":{"70 Percentile":"2.293","80 Percentile":"2.293","85 Percentile":"2.293","90 Percentile":"2.293","95 Percentile":"2.293","Average":"2.008","Baseline":"N","BuildNumber":"33","EndTime":" 22/03/2017 10:11:01","Fail":"0","Maximum":"2.293","Minimum":"1.761","Pass":"4","ProjectName":"C:\\CI_LR\\LR scenario\\LR_Demo.lrs","Release":"01","RunID":"33","SLAviolationcount":2,"StartTime":"22/03/2017 10:09:28","StdDeviation":"0.192","TransactionName":"02_ViewBookingsflowPage","VirtualUsers":"2"},"_timestamp":1490177536160,"_type":"run"},{"_id":"AVr1gLEgeAAlKmH98W2g","_index":"lr_demo","_score":1,"_source":{"70 Percentile":"2.71","80 Percentile":"2.71","85 Percentile":"2.71","90 Percentile":"2.71","95 Percentile":"2.71","Average":"2.141","Baseline":"N","BuildNumber":"33","EndTime":" 22/03/2017 10:11:01","Fail":"0","Maximum":"2.71","Minimum":"1.843","Pass":"4","ProjectName":"C:\\CI_LR\\LR scenario\\LR_Demo.lrs","Release":"01","RunID":"33","SLAviolationcount":2,"StartTime":"22/03/2017 10:09:28","StdDeviation":"0.335","TransactionName":"04_SubmitBookingPage","VirtualUsers":"2"},"_timestamp":1490177536288,"_type":"run"},{"_id":"AVsUdoSwQ4zZiFqIr67f","_index":"lr_demo","_score":1,"_source":{"70 Percentile":"0.344","80 Percentile":"0.344","85 Percentile":"0.344","90 Percentile":"0.344","95 Percentile":"0.344","Average":"0.12","Baseline":"N","BuildNumber":"34","EndTime":" 28/03/2017 10:28:11","Fail":"0","Maximum":"0.344","Minimum":"0.028","Pass":"4","ProjectName":"C:\\CI_LR\\LR scenario\\LR_Demo.lrs","Release":"01","RunID":"34","SLAviolationcount":2,"StartTime":"28/03/2017 10:26:39","StdDeviation":"0.131","TransactionName":"01_homepage","VirtualUsers":"2"},"_timestamp":1490696963248,"_type":"run"},{"_id":"AVsYC7ANQ4zZiFqIr67v","_index":"lr_demo","_score":1,"_source":{"70 Percentile":"0.079","80 Percentile":"0.079","85 Percentile":"0.079","90 Percentile":"0.079","95 Percentile":"0.079","Average":"0.039","Baseline":"N","BuildNumber":"35","EndTime":" 29/03/2017 03:01:58","Fail":"0","Maximum":"0.079","Minimum":"0.024","Pass":"4","ProjectName":"C:\\CI_LR\\LR scenario\\LR_Demo.lrs","Release":"01","RunID":"35","SLAviolationcount":2,"StartTime":"29/03/2017 03:00:27","StdDeviation":"0.023","TransactionName":"01_homepage","VirtualUsers":"2"},"_timestamp":1490757070861,"_type":"run"},{"_id":"AVsYC7AsQ4zZiFqIr67x","_index":"lr_demo","_score":1,"_source":{"70 Percentile":"0.027","80 Percentile":"0.027","85 Percentile":"0.027","90 Percentile":"0.027","95 Percentile":"0.027","Average":"0.019","Baseline":"N","BuildNumber":"35","EndTime":" 29/03/2017 03:01:58","Fail":"0","Maximum":"0.027","Minimum":"0.014","Pass":"4","ProjectName":"C:\\CI_LR\\LR scenario\\LR_Demo.lrs","Release":"01","RunID":"35","SLAviolationcount":2,"StartTime":"29/03/2017 03:00:27","StdDeviation":"0.005","TransactionName":"03_BookNowPage","VirtualUsers":"2"},"_timestamp":1490757070892,"_type":"run"},{"_id":"AVsYC7A8Q4zZiFqIr67y","_index":"lr_demo","_score":1,"_source":{"70 Percentile":"2.017","80 Percentile":"2.017","85 Percentile":"2.017","90 Percentile":"2.017","95 Percentile":"2.017","Average":"1.939","Baseline":"N","BuildNumber":"35","EndTime":" 29/03/2017 03:01:58","Fail":"0","Maximum":"2.017","Minimum":"1.871","Pass":"4","ProjectName":"C:\\CI_LR\\LR scenario\\LR_Demo.lrs","Release":"01","RunID":"35","SLAviolationcount":2,"StartTime":"29/03/2017 03:00:27","StdDeviation":"0.053","TransactionName":"04_SubmitBookingPage","VirtualUsers":"2"},"_timestamp":1490757070908,"_type":"run"},{"_id":"AVskAJewQ4zZiFqIr68F","_index":"lr_demo","_score":1,"_source":{"70 Percentile":"0.069","80 Percentile":"0.069","85 Percentile":"0.069","90 Percentile":"0.069","95 Percentile":"0.069","Average":"0.042","Baseline":"N","BuildNumber":"37","EndTime":" 31/03/2017 10:53:20","Fail":"0","Maximum":"0.069","Minimum":"0.03","Pass":"4","ProjectName":"C:\\CI_LR\\LR scenario\\LR_Demo.lrs","Release":"01","RunID":"37","SLAviolationcount":2,"StartTime":"31/03/2017 10:51:47","StdDeviation":"0.016","TransactionName":"01_homepage","VirtualUsers":"2"},"_timestamp":1490957670320,"_type":"run"},{"_id":"AVtX29ZQQ4zZiFqIr68X","_index":"lr_demo","_score":1,"_source":{"70 Percentile":"0.024","80 Percentile":"0.024","85 Percentile":"0.024","90 Percentile":"0.024","95 Percentile":"0.024","Average":"0.019","Baseline":"N","BuildNumber":"38","EndTime":" 10/04/2017 12:25:26","Fail":"0","Maximum":"0.024","Minimum":"0.015","Pass":"4","ProjectName":"C:\\CI_LR\\LR scenario\\LR_Demo.lrs","Release":"01","RunID":"38","SLAviolationcount":2,"StartTime":"10/04/2017 12:23:53","StdDeviation":"0.003","TransactionName":"03_BookNowPage","VirtualUsers":"2"},"_timestamp":1491827676752,"_type":"run"},{"_id":"AVtX29ZoQ4zZiFqIr68Y","_index":"lr_demo","_score":1,"_source":{"70 Percentile":"2.343","80 Percentile":"2.343","85 Percentile":"2.343","90 Percentile":"2.343","95 Percentile":"2.343","Average":"2.243","Baseline":"N","BuildNumber":"38","EndTime":" 10/04/2017 12:25:26","Fail":"0","Maximum":"2.343","Minimum":"2.119","Pass":"4","ProjectName":"C:\\CI_LR\\LR scenario\\LR_Demo.lrs","Release":"01","RunID":"38","SLAviolationcount":2,"StartTime":"10/04/2017 12:23:53","StdDeviation":"0.095","TransactionName":"04_SubmitBookingPage","VirtualUsers":"2"},"_timestamp":1491827676776,"_type":"run"},{"_id":"AVtcfNYSQ4zZiFqIr68r","_index":"lr_demo","_score":1,"_source":{"70 Percentile":"0.074","80 Percentile":"0.074","85 Percentile":"0.074","90 Percentile":"0.074","95 Percentile":"0.074","Average":"0.039","Baseline":"N","BuildNumber":"39","EndTime":" 11/04/2017 10:07:46","Fail":"0","Maximum":"0.074","Minimum":"0.022","Pass":"4","ProjectName":"C:\\CI_LR\\LR scenario\\LR_Demo.lrs","Release":"01","RunID":"39","SLAviolationcount":2,"StartTime":"11/04/2017 10:06:12","StdDeviation":"0.021","TransactionName":"01_homepage","VirtualUsers":"2"},"_timestamp":1491905336850,"_type":"run"},{"_id":"AVtcfNZQQ4zZiFqIr68u","_index":"lr_demo","_score":1,"_source":{"70 Percentile":"2.459","80 Percentile":"2.459","85 Percentile":"2.459","90 Percentile":"2.459","95 Percentile":"2.459","Average":"2.377","Baseline":"N","BuildNumber":"39","EndTime":" 11/04/2017 10:07:46","Fail":"0","Maximum":"2.459","Minimum":"2.226","Pass":"4","ProjectName":"C:\\CI_LR\\LR scenario\\LR_Demo.lrs","Release":"01","RunID":"39","SLAviolationcount":2,"StartTime":"11/04/2017 10:06:12","StdDeviation":"0.09","TransactionName":"04_SubmitBookingPage","VirtualUsers":"2"},"_timestamp":1491905336912,"_type":"run"},{"_id":"AVrxw-exeAAlKmH98W1R","_index":"lr_demo","_score":1,"_source":{"70 Percentile":"0.975","80 Percentile":"0.975","85 Percentile":"0.975","90 Percentile":"0.975","95 Percentile":"0.975","Average":"0.903","Baseline":"N","BuildNumber":"26","EndTime":" 21/03/2017 16:45:59","Fail":"0","Maximum":"0.975","Minimum":"0.82","Pass":"4","ProjectName":"C:\\CI_LR\\LR scenario\\LR_Demo.lrs","Release":"01","RunID":"26","SLAviolationcount":2,"StartTime":"21/03/2017 16:44:30","StdDeviation":"0.055","TransactionName":"02_ViewBookingsflowPage","VirtualUsers":"2"},"_timestamp":1490114832305,"_type":"run"},{"_id":"AVrxw-fBeAAlKmH98W1T","_index":"lr_demo","_score":1,"_source":{"70 Percentile":"1.389","80 Percentile":"1.389","85 Percentile":"1.389","90 Percentile":"1.389","95 Percentile":"1.389","Average":"1.092","Baseline":"N","BuildNumber":"26","EndTime":" 21/03/2017 16:45:59","Fail":"0","Maximum":"1.389","Minimum":"0.948","Pass":"4","ProjectName":"C:\\CI_LR\\LR scenario\\LR_Demo.lrs","Release":"01","RunID":"26","SLAviolationcount":2,"StartTime":"21/03/2017 16:44:30","StdDeviation":"0.176","TransactionName":"04_SubmitBookingPage","VirtualUsers":"2"},"_timestamp":1490114832321,"_type":"run"},{"_id":"AVr032qOeAAlKmH98W1f","_index":"lr_demo","_score":1,"_source":{"70 Percentile":"0.266","80 Percentile":"0.266","85 Percentile":"0.266","90 Percentile":"0.266","95 Percentile":"0.266","Average":"0.079","Baseline":"N","BuildNumber":"27","EndTime":" 22/03/2017 07:14:52","Fail":"0","Maximum":"0.266","Minimum":"0.016","Pass":"4","ProjectName":"C:\\CI_LR\\LR scenario\\LR_Demo.lrs","Release":"01","RunID":"27","SLAviolationcount":2,"StartTime":"22/03/2017 07:13:22","StdDeviation":"0.108","TransactionName":"03_BookNowPage","VirtualUsers":"2"},"_timestamp":1490166966926,"_type":"run"},{"_id":"AVr032qqeAAlKmH98W1g","_index":"lr_demo","_score":1,"_source":{"70 Percentile":"1.274","80 Percentile":"1.274","85 Percentile":"1.274","90 Percentile":"1.274","95 Percentile":"1.274","Average":"1.19","Baseline":"N","BuildNumber":"27","EndTime":" 22/03/2017 07:14:52","Fail":"0","Maximum":"1.274","Minimum":"1.128","Pass":"4","ProjectName":"C:\\CI_LR\\LR scenario\\LR_Demo.lrs","Release":"01","RunID":"27","SLAviolationcount":2,"StartTime":"22/03/2017 07:13:22","StdDeviation":"0.057","TransactionName":"04_SubmitBookingPage","VirtualUsers":"2"},"_timestamp":1490166966954,"_type":"run"},{"_id":"AVr1SJijeAAlKmH98W1x","_index":"lr_demo","_score":1,"_source":{"70 Percentile":"1.658","80 Percentile":"1.658","85 Percentile":"1.658","90 Percentile":"1.658","95 Percentile":"1.658","Average":"1.414","Baseline":"N","BuildNumber":"29","EndTime":" 22/03/2017 09:09:45","Fail":"0","Maximum":"1.658","Minimum":"1.101","Pass":"4","ProjectName":"C:\\CI_LR\\LR scenario\\LR_Demo.lrs","Release":"01","RunID":"29","SLAviolationcount":2,"StartTime":"22/03/2017 09:08:14","StdDeviation":"0.209","TransactionName":"02_ViewBookingsflowPage","VirtualUsers":"2"},"_timestamp":1490173860003,"_type":"run"},{"_id":"AVr1SJjOeAAlKmH98W1z","_index":"lr_demo","_score":1,"_source":{"70 Percentile":"1.926","80 Percentile":"1.926","85 Percentile":"1.926","90 Percentile":"1.926","95 Percentile":"1.926","Average":"1.699","Baseline":"N","BuildNumber":"29","EndTime":" 22/03/2017 09:09:45","Fail":"0","Maximum":"1.926","Minimum":"1.287","Pass":"4","ProjectName":"C:\\CI_LR\\LR scenario\\LR_Demo.lrs","Release":"01","RunID":"29","SLAviolationcount":2,"StartTime":"22/03/2017 09:08:14","StdDeviation":"0.249","TransactionName":"04_SubmitBookingPage","VirtualUsers":"2"},"_timestamp":1490173860046,"_type":"run"},{"_id":"AVrw6XPUpQSETYJga34W","_index":"lr_demo","_score":1,"_source":{"70 Percentile":"1.368","80 Percentile":"1.368","85 Percentile":"1.368","90 Percentile":"1.368","95 Percentile":"1.368","Average":"0.366","Baseline":"N","BuildNumber":"23","EndTime":" 21/03/2017 12:47:27","Fail":"0","Maximum":"1.368","Minimum":"0.024","Pass":"4","ProjectName":"C:\\CI_LR\\LR scenario\\LR_Demo.lrs","Release":"01","RunID":"23","SLAviolationcount":2,"StartTime":"21/03/2017 12:45:56","StdDeviation":"0.578","TransactionName":"01_homepage","VirtualUsers":"2"},"_timestamp":1490100515796,"_type":"run"},{"_id":"AVrw6XPlpQSETYJga34X","_index":"lr_demo","_score":1,"_source":{"70 Percentile":"0.936","80 Percentile":"0.936","85 Percentile":"0.936","90 Percentile":"0.936","95 Percentile":"0.936","Average":"0.873","Baseline":"N","BuildNumber":"23","EndTime":" 21/03/2017 12:47:27","Fail":"0","Maximum":"0.936","Minimum":"0.805","Pass":"4","ProjectName":"C:\\CI_LR\\LR scenario\\LR_Demo.lrs","Release":"01","RunID":"23","SLAviolationcount":2,"StartTime":"21/03/2017 12:45:56","StdDeviation":"0.057","TransactionName":"02_ViewBookingsflowPage","VirtualUsers":"2"},"_timestamp":1490100515813,"_type":"run"},{"_id":"AVrw_NaXpQSETYJga34n","_index":"lr_demo","_score":1,"_source":{"70 Percentile":"2.262","80 Percentile":"2.262","85 Percentile":"2.262","90 Percentile":"2.262","95 Percentile":"2.262","Average":"0.602","Baseline":"N","BuildNumber":"24","EndTime":" 21/03/2017 13:09:05","Fail":"0","Maximum":"2.262","Minimum":"0.03","Pass":"4","ProjectName":"C:\\CI_LR\\LR scenario\\LR_Demo.lrs","Release":"01","RunID":"24","SLAviolationcount":2,"StartTime":"21/03/2017 13:07:36","StdDeviation":"0.959","TransactionName":"01_homepage","VirtualUsers":"2"},"_timestamp":1490101786263,"_type":"run"},{"_id":"AVrw_NbApQSETYJga34p","_index":"lr_demo","_score":1,"_source":{"70 Percentile":"0.024","80 Percentile":"0.024","85 Percentile":"0.024","90 Percentile":"0.024","95 Percentile":"0.024","Average":"0.018","Baseline":"N","BuildNumber":"24","EndTime":" 21/03/2017 13:09:05","Fail":"0","Maximum":"0.024","Minimum":"0.015","Pass":"4","ProjectName":"C:\\CI_LR\\LR scenario\\LR_Demo.lrs","Release":"01","RunID":"24","SLAviolationcount":2,"StartTime":"21/03/2017 13:07:36","StdDeviation":"0.003","TransactionName":"03_BookNowPage","VirtualUsers":"2"},"_timestamp":1490101786304,"_type":"run"},{"_id":"AVrxb4afeAAlKmH98W1D","_index":"lr_demo","_score":1,"_source":{"70 Percentile":"1.07","80 Percentile":"1.07","85 Percentile":"1.07","90 Percentile":"1.07","95 Percentile":"1.07","Average":"0.886","Baseline":"N","BuildNumber":"25","EndTime":" 21/03/2017 15:14:18","Fail":"0","Maximum":"1.07","Minimum":"0.782","Pass":"4","ProjectName":"C:\\CI_LR\\LR scenario\\LR_Demo.lrs","Release":"01","RunID":"25","SLAviolationcount":2,"StartTime":"21/03/2017 15:12:49","StdDeviation":"0.114","TransactionName":"02_ViewBookingsflowPage","VirtualUsers":"2"},"_timestamp":1490109302431,"_type":"run"},{"_id":"AVrw2htgpQSETYJga34I","_index":"lr_demo","_score":1,"_source":{"70 Percentile":"1.422","80 Percentile":"1.422","85 Percentile":"1.422","90 Percentile":"1.422","95 Percentile":"1.422","Average":"1.044","Baseline":"N","BuildNumber":"21","EndTime":" 21/03/2017 12:30:36","Fail":"0","Maximum":"1.422","Minimum":"0.838","Pass":"4","ProjectName":"C:\\CI_LR\\LR scenario\\LR_Demo.lrs","Release":"01","RunID":"21","SLAviolationcount":2,"StartTime":"21/03/2017 12:29:06","StdDeviation":"0.225","TransactionName":"02_ViewBookingsflowPage","VirtualUsers":"2"},"_timestamp":1490099510112,"_type":"run"},{"_id":"AVr1Vp48eAAlKmH98W18","_index":"lr_demo","_score":1,"_source":{"70 Percentile":"2.21","80 Percentile":"2.21","85 Percentile":"2.21","90 Percentile":"2.21","95 Percentile":"2.21","Average":"1.896","Baseline":"N","BuildNumber":"30","EndTime":" 22/03/2017 09:24:55","Fail":"0","Maximum":"2.21","Minimum":"1.494","Pass":"4","ProjectName":"C:\\CI_LR\\LR scenario\\LR_Demo.lrs","Release":"01","RunID":"30","SLAviolationcount":2,"StartTime":"22/03/2017 09:23:22","StdDeviation":"0.26","TransactionName":"04_SubmitBookingPage","VirtualUsers":"2"},"_timestamp":1490174778940,"_type":"run"},{"_id":"AVr1apWieAAlKmH98W2F","_index":"lr_demo","_score":1,"_source":{"70 Percentile":"0.201","80 Percentile":"0.201","85 Percentile":"0.201","90 Percentile":"0.201","95 Percentile":"0.201","Average":"0.126","Baseline":"N","BuildNumber":"31","EndTime":" 22/03/2017 09:46:53","Fail":"0","Maximum":"0.201","Minimum":"0.032","Pass":"4","ProjectName":"C:\\CI_LR\\LR scenario\\LR_Demo.lrs","Release":"01","RunID":"31","SLAviolationcount":2,"StartTime":"22/03/2017 09:45:20","StdDeviation":"0.067","TransactionName":"01_homepage","VirtualUsers":"2"},"_timestamp":1490176087458,"_type":"run"},{"_id":"AVr1Q78HeAAlKmH98W1p","_index":"lr_demo","_score":1,"_source":{"70 Percentile":"0.407","80 Percentile":"0.407","85 Percentile":"0.407","90 Percentile":"0.407","95 Percentile":"0.407","Average":"0.187","Baseline":"N","BuildNumber":"28","EndTime":" 22/03/2017 09:04:28","Fail":"0","Maximum":"0.407","Minimum":"0.036","Pass":"4","ProjectName":"C:\\CI_LR\\LR scenario\\LR_Demo.lrs","Release":"01","RunID":"28","SLAviolationcount":2,"StartTime":"22/03/2017 09:02:57","StdDeviation":"0.152","TransactionName":"01_homepage","VirtualUsers":"2"},"_timestamp":1490173542151,"_type":"run"},{"_id":"AVr1cPmBeAAlKmH98W2P","_index":"lr_demo","_score":1,"_source":{"70 Percentile":"0.125","80 Percentile":"0.125","85 Percentile":"0.125","90 Percentile":"0.125","95 Percentile":"0.125","Average":"0.072","Baseline":"N","BuildNumber":"32","EndTime":" 22/03/2017 09:53:50","Fail":"0","Maximum":"0.125","Minimum":"0.041","Pass":"4","ProjectName":"C:\\CI_LR\\LR scenario\\LR_Demo.lrs","Release":"01","RunID":"32","SLAviolationcount":2,"StartTime":"22/03/2017 09:52:17","StdDeviation":"0.032","TransactionName":"01_homepage","VirtualUsers":"2"},"_timestamp":1490176506241,"_type":"run"},{"_id":"AVr1cPmheAAlKmH98W2Q","_index":"lr_demo","_score":1,"_source":{"70 Percentile":"1.882","80 Percentile":"1.882","85 Percentile":"1.882","90 Percentile":"1.882","95 Percentile":"1.882","Average":"1.744","Baseline":"N","BuildNumber":"32","EndTime":" 22/03/2017 09:53:50","Fail":"0","Maximum":"1.882","Minimum":"1.501","Pass":"4","ProjectName":"C:\\CI_LR\\LR scenario\\LR_Demo.lrs","Release":"01","RunID":"32","SLAviolationcount":2,"StartTime":"22/03/2017 09:52:17","StdDeviation":"0.145","TransactionName":"02_ViewBookingsflowPage","VirtualUsers":"2"},"_timestamp":1490176506273,"_type":"run"},{"_id":"AVr1cPm2eAAlKmH98W2R","_index":"lr_demo","_score":1,"_source":{"70 Percentile":"0.047","80 Percentile":"0.047","85 Percentile":"0.047","90 Percentile":"0.047","95 Percentile":"0.047","Average":"0.033","Baseline":"N","BuildNumber":"32","EndTime":" 22/03/2017 09:53:50","Fail":"0","Maximum":"0.047","Minimum":"0.018","Pass":"4","ProjectName":"C:\\CI_LR\\LR scenario\\LR_Demo.lrs","Release":"01","RunID":"32","SLAviolationcount":2,"StartTime":"22/03/2017 09:52:17","StdDeviation":"0.012","TransactionName":"03_BookNowPage","VirtualUsers":"2"},"_timestamp":1490176506294,"_type":"run"},{"_id":"AVr1gLB2eAAlKmH98W2d","_index":"lr_demo","_score":1,"_source":{"70 Percentile":"0.075","80 Percentile":"0.075","85 Percentile":"0.075","90 Percentile":"0.075","95 Percentile":"0.075","Average":"0.051","Baseline":"N","BuildNumber":"33","EndTime":" 22/03/2017 10:11:01","Fail":"0","Maximum":"0.075","Minimum":"0.032","Pass":"4","ProjectName":"C:\\CI_LR\\LR scenario\\LR_Demo.lrs","Release":"01","RunID":"33","SLAviolationcount":2,"StartTime":"22/03/2017 10:09:28","StdDeviation":"0.016","TransactionName":"01_homepage","VirtualUsers":"2"},"_timestamp":1490177536118,"_type":"run"},{"_id":"AVr1gLDyeAAlKmH98W2f","_index":"lr_demo","_score":1,"_source":{"70 Percentile":"0.067","80 Percentile":"0.067","85 Percentile":"0.067","90 Percentile":"0.067","95 Percentile":"0.067","Average":"0.043","Baseline":"N","BuildNumber":"33","EndTime":" 22/03/2017 10:11:01","Fail":"0","Maximum":"0.067","Minimum":"0.02","Pass":"4","ProjectName":"C:\\CI_LR\\LR scenario\\LR_Demo.lrs","Release":"01","RunID":"33","SLAviolationcount":2,"StartTime":"22/03/2017 10:09:28","StdDeviation":"0.023","TransactionName":"03_BookNowPage","VirtualUsers":"2"},"_timestamp":1490177536242,"_type":"run"},{"_id":"AVsUdoTAQ4zZiFqIr67g","_index":"lr_demo","_score":1,"_source":{"70 Percentile":"2.029","80 Percentile":"2.029","85 Percentile":"2.029","90 Percentile":"2.029","95 Percentile":"2.029","Average":"1.493","Baseline":"N","BuildNumber":"34","EndTime":" 28/03/2017 10:28:11","Fail":"0","Maximum":"2.029","Minimum":"1.173","Pass":"4","ProjectName":"C:\\CI_LR\\LR scenario\\LR_Demo.lrs","Release":"01","RunID":"34","SLAviolationcount":2,"StartTime":"28/03/2017 10:26:39","StdDeviation":"0.322","TransactionName":"02_ViewBookingsflowPage","VirtualUsers":"2"},"_timestamp":1490696963264,"_type":"run"},{"_id":"AVsUdoTQQ4zZiFqIr67h","_index":"lr_demo","_score":1,"_source":{"70 Percentile":"0.395","80 Percentile":"0.395","85 Percentile":"0.395","90 Percentile":"0.395","95 Percentile":"0.395","Average":"0.163","Baseline":"N","BuildNumber":"34","EndTime":" 28/03/2017 10:28:11","Fail":"0","Maximum":"0.395","Minimum":"0.016","Pass":"4","ProjectName":"C:\\CI_LR\\LR scenario\\LR_Demo.lrs","Release":"01","RunID":"34","SLAviolationcount":2,"StartTime":"28/03/2017 10:26:39","StdDeviation":"0.158","TransactionName":"03_BookNowPage","VirtualUsers":"2"},"_timestamp":1490696963280,"_type":"run"},{"_id":"AVsUdoTfQ4zZiFqIr67i","_index":"lr_demo","_score":1,"_source":{"70 Percentile":"1.924","80 Percentile":"1.924","85 Percentile":"1.924","90 Percentile":"1.924","95 Percentile":"1.924","Average":"1.735","Baseline":"N","BuildNumber":"34","EndTime":" 28/03/2017 10:28:11","Fail":"0","Maximum":"1.924","Minimum":"1.63","Pass":"4","ProjectName":"C:\\CI_LR\\LR scenario\\LR_Demo.lrs","Release":"01","RunID":"34","SLAviolationcount":2,"StartTime":"28/03/2017 10:26:39","StdDeviation":"0.113","TransactionName":"04_SubmitBookingPage","VirtualUsers":"2"},"_timestamp":1490696963295,"_type":"run"},{"_id":"AVsYC7AdQ4zZiFqIr67w","_index":"lr_demo","_score":1,"_source":{"70 Percentile":"1.703","80 Percentile":"1.703","85 Percentile":"1.703","90 Percentile":"1.703","95 Percentile":"1.703","Average":"1.382","Baseline":"N","BuildNumber":"35","EndTime":" 29/03/2017 03:01:58","Fail":"0","Maximum":"1.703","Minimum":"1.259","Pass":"4","ProjectName":"C:\\CI_LR\\LR scenario\\LR_Demo.lrs","Release":"01","RunID":"35","SLAviolationcount":2,"StartTime":"29/03/2017 03:00:27","StdDeviation":"0.186","TransactionName":"02_ViewBookingsflowPage","VirtualUsers":"2"},"_timestamp":1490757070877,"_type":"run"},{"_id":"AVskAJfBQ4zZiFqIr68G","_index":"lr_demo","_score":1,"_source":{"70 Percentile":"1.716","80 Percentile":"1.716","85 Percentile":"1.716","90 Percentile":"1.716","95 Percentile":"1.716","Average":"1.56","Baseline":"N","BuildNumber":"37","EndTime":" 31/03/2017 10:53:20","Fail":"0","Maximum":"1.716","Minimum":"1.41","Pass":"4","ProjectName":"C:\\CI_LR\\LR scenario\\LR_Demo.lrs","Release":"01","RunID":"37","SLAviolationcount":2,"StartTime":"31/03/2017 10:51:47","StdDeviation":"0.108","TransactionName":"02_ViewBookingsflowPage","VirtualUsers":"2"},"_timestamp":1490957670337,"_type":"run"},{"_id":"AVskAJfTQ4zZiFqIr68I","_index":"lr_demo","_score":1,"_source":{"70 Percentile":"0.027","80 Percentile":"0.027","85 Percentile":"0.027","90 Percentile":"0.027","95 Percentile":"0.027","Average":"0.02","Baseline":"N","BuildNumber":"37","EndTime":" 31/03/2017 10:53:20","Fail":"0","Maximum":"0.027","Minimum":"0.015","Pass":"4","ProjectName":"C:\\CI_LR\\LR scenario\\LR_Demo.lrs","Release":"01","RunID":"37","SLAviolationcount":2,"StartTime":"31/03/2017 10:51:47","StdDeviation":"0.004","TransactionName":"03_BookNowPage","VirtualUsers":"2"},"_timestamp":1490957670355,"_type":"run"},{"_id":"AVskAJfTQ4zZiFqIr68J","_index":"lr_demo","_score":1,"_source":{"70 Percentile":"2.254","80 Percentile":"2.254","85 Percentile":"2.254","90 Percentile":"2.254","95 Percentile":"2.254","Average":"2.097","Baseline":"N","BuildNumber":"37","EndTime":" 31/03/2017 10:53:20","Fail":"0","Maximum":"2.254","Minimum":"2","Pass":"4","ProjectName":"C:\\CI_LR\\LR scenario\\LR_Demo.lrs","Release":"01","RunID":"37","SLAviolationcount":2,"StartTime":"31/03/2017 10:51:47","StdDeviation":"0.104","TransactionName":"04_SubmitBookingPage","VirtualUsers":"2"},"_timestamp":1490957670355,"_type":"run"},{"_id":"AVtX29Y9Q4zZiFqIr68V","_index":"lr_demo","_score":1,"_source":{"70 Percentile":"0.108","80 Percentile":"0.108","85 Percentile":"0.108","90 Percentile":"0.108","95 Percentile":"0.108","Average":"0.062","Baseline":"N","BuildNumber":"38","EndTime":" 10/04/2017 12:25:26","Fail":"0","Maximum":"0.108","Minimum":"0.025","Pass":"4","ProjectName":"C:\\CI_LR\\LR scenario\\LR_Demo.lrs","Release":"01","RunID":"38","SLAviolationcount":2,"StartTime":"10/04/2017 12:23:53","StdDeviation":"0.032","TransactionName":"01_homepage","VirtualUsers":"2"},"_timestamp":1491827676733,"_type":"run"},{"_id":"AVtX29ZQQ4zZiFqIr68W","_index":"lr_demo","_score":1,"_source":{"70 Percentile":"2.096","80 Percentile":"2.096","85 Percentile":"2.096","90 Percentile":"2.096","95 Percentile":"2.096","Average":"1.652","Baseline":"N","BuildNumber":"38","EndTime":" 10/04/2017 12:25:26","Fail":"0","Maximum":"2.096","Minimum":"1.443","Pass":"4","ProjectName":"C:\\CI_LR\\LR scenario\\LR_Demo.lrs","Release":"01","RunID":"38","SLAviolationcount":2,"StartTime":"10/04/2017 12:23:53","StdDeviation":"0.266","TransactionName":"02_ViewBookingsflowPage","VirtualUsers":"2"},"_timestamp":1491827676752,"_type":"run"},{"_id":"AVtcfNYhQ4zZiFqIr68s","_index":"lr_demo","_score":1,"_source":{"70 Percentile":"1.723","80 Percentile":"1.723","85 Percentile":"1.723","90 Percentile":"1.723","95 Percentile":"1.723","Average":"1.653","Baseline":"N","BuildNumber":"39","EndTime":" 11/04/2017 10:07:46","Fail":"0","Maximum":"1.723","Minimum":"1.577","Pass":"4","ProjectName":"C:\\CI_LR\\LR scenario\\LR_Demo.lrs","Release":"01","RunID":"39","SLAviolationcount":2,"StartTime":"11/04/2017 10:06:12","StdDeviation":"0.063","TransactionName":"02_ViewBookingsflowPage","VirtualUsers":"2"},"_timestamp":1491905336865,"_type":"run"},{"_id":"AVtcfNYxQ4zZiFqIr68t","_index":"lr_demo","_score":1,"_source":{"70 Percentile":"0.025","80 Percentile":"0.025","85 Percentile":"0.025","90 Percentile":"0.025","95 Percentile":"0.025","Average":"0.019","Baseline":"N","BuildNumber":"39","EndTime":" 11/04/2017 10:07:46","Fail":"0","Maximum":"0.025","Minimum":"0.016","Pass":"4","ProjectName":"C:\\CI_LR\\LR scenario\\LR_Demo.lrs","Release":"01","RunID":"39","SLAviolationcount":2,"StartTime":"11/04/2017 10:06:12","StdDeviation":"0.003","TransactionName":"03_BookNowPage","VirtualUsers":"2"},"_timestamp":1491905336881,"_type":"run"}],"max_score":1,"total":68},"timed_out":false,"took":16}
