{
   "components":[
      {
         "enabled":true,
         "id":14,
         "key":"java-project:src/main/webapp/resources/scripts/weatherwidget.js",
         "longName":"src/main/webapp/resources/scripts/weatherwidget.js",
         "name":"weatherwidget.js",
         "path":"src/main/webapp/resources/scripts/weatherwidget.js",
         "projectId":1,
         "qualifier":"FIL",
         "subProjectId":1,
         "uuid":"AVoTy07tl43SayIqyKtk"
      },
      {
         "enabled":false,
         "id":35,
         "key":"java-project:src/com/cts/vsa/ConnectWithES.java",
         "longName":"src/com/cts/vsa/ConnectWithES.java",
         "name":"ConnectWithES.java",
         "path":"src/com/cts/vsa/ConnectWithES.java",
         "projectId":1,
         "qualifier":"FIL",
         "subProjectId":1,
         "uuid":"AVtX0XrGTP7eeYW2Ml6W"
      },
      {
         "enabled":false,
         "id":34,
         "key":"java-project:src/com/cts/vsa/Batch.java",
         "longName":"src/com/cts/vsa/Batch.java",
         "name":"Batch.java",
         "path":"src/com/cts/vsa/Batch.java",
         "projectId":1,
         "qualifier":"FIL",
         "subProjectId":1,
         "uuid":"AVtX0XrGTP7eeYW2Ml6V"
      },
      {
         "enabled":false,
         "id":36,
         "key":"java-project:src/com/cts/vsa/UserBean.java",
         "longName":"src/com/cts/vsa/UserBean.java",
         "name":"UserBean.java",
         "path":"src/com/cts/vsa/UserBean.java",
         "projectId":1,
         "qualifier":"FIL",
         "subProjectId":1,
         "uuid":"AVtX0XrGTP7eeYW2Ml6X"
      },
      {
         "enabled":true,
         "id":1,
         "key":"java-project",
         "longName":"Taxi1",
         "name":"Taxi1",
         "qualifier":"TRK",
         "uuid":"AVoTlMAYiQGGbcTNdEmr"
      }
   ],
   "issues":[
      {
         "author":"",
         "component":"java-project:src/main/webapp/resources/scripts/weatherwidget.js",
         "componentId":14,
         "creationDate":"2017-04-11T10:05:38+0000",
         "debt":"5min",
         "effort":"5min",
         "flows":[

         ],
         "key":"AVtceeCQTP7eeYW2MmBA",
         "line":56,
         "message":"Remove this logging statement.",
         "project":"java-project",
         "rule":"javascript:S2228",
         "severity":"MINOR",
         "status":"OPEN",
         "tags":[
            "owasp-a6",
            "user-experience"
         ],
         "textRange":{
            "endLine":56,
            "endOffset":14,
            "startLine":56,
            "startOffset":3
         },
         "type":"VULNERABILITY",
         "updateDate":"2017-04-11T10:05:38+0000"
      },
      {
         "author":"",
         "closeDate":"2017-04-11T10:05:38+0000",
         "component":"java-project:src/com/cts/vsa/Batch.java",
         "componentId":34,
         "creationDate":"2017-04-10T12:23:11+0000",
         "debt":"20min",
         "effort":"20min",
         "flows":[

         ],
         "key":"AVtX0X7ETP7eeYW2Ml6f",
         "message":"Make this \"public static hostname\" field final",
         "project":"java-project",
         "resolution":"FIXED",
         "rule":"squid:S1444",
         "severity":"MINOR",
         "status":"CLOSED",
         "tags":[
            "cert",
            "cwe"
         ],
         "textRange":{
            "endLine":52,
            "endOffset":33,
            "startLine":52,
            "startOffset":25
         },
         "type":"VULNERABILITY",
         "updateDate":"2017-04-11T10:05:38+0000"
      },
      {
         "author":"",
         "closeDate":"2017-04-11T10:05:38+0000",
         "component":"java-project:src/com/cts/vsa/Batch.java",
         "componentId":34,
         "creationDate":"2017-04-10T12:23:11+0000",
         "debt":"20min",
         "effort":"20min",
         "flows":[

         ],
         "key":"AVtX0X7ETP7eeYW2Ml6g",
         "message":"Make this \"public static port\" field final",
         "project":"java-project",
         "resolution":"FIXED",
         "rule":"squid:S1444",
         "severity":"MINOR",
         "status":"CLOSED",
         "tags":[
            "cert",
            "cwe"
         ],
         "textRange":{
            "endLine":53,
            "endOffset":26,
            "startLine":53,
            "startOffset":22
         },
         "type":"VULNERABILITY",
         "updateDate":"2017-04-11T10:05:38+0000"
      },
      {
         "author":"",
         "closeDate":"2017-04-11T10:05:38+0000",
         "component":"java-project:src/com/cts/vsa/Batch.java",
         "componentId":34,
         "creationDate":"2017-04-10T12:23:11+0000",
         "debt":"15min",
         "effort":"15min",
         "flows":[
            {
               "locations":[
                  {
                     "msg":"...",
                     "textRange":{
                        "endLine":202,
                        "endOffset":42,
                        "startLine":202,
                        "startOffset":23
                     }
                  }
               ]
            },
            {
               "locations":[
                  {
                     "msg":"...",
                     "textRange":{
                        "endLine":202,
                        "endOffset":42,
                        "startLine":202,
                        "startOffset":23
                     }
                  },
                  {
                     "msg":"...",
                     "textRange":{
                        "endLine":202,
                        "endOffset":75,
                        "startLine":202,
                        "startOffset":57
                     }
                  }
               ]
            }
         ],
         "key":"AVtX0X7LTP7eeYW2Ml7L",
         "message":"Change this condition so that it does not always evaluate to \"true\"",
         "project":"java-project",
         "resolution":"FIXED",
         "rule":"squid:S2583",
         "severity":"MAJOR",
         "status":"CLOSED",
         "tags":[
            "cert",
            "cwe",
            "misra",
            "pitfall"
         ],
         "textRange":{
            "endLine":202,
            "endOffset":75,
            "startLine":202,
            "startOffset":57
         },
         "type":"BUG",
         "updateDate":"2017-04-11T10:05:38+0000"
      },
      {
         "author":"",
         "closeDate":"2017-04-11T10:05:38+0000",
         "component":"java-project:src/com/cts/vsa/Batch.java",
         "componentId":34,
         "creationDate":"2017-04-10T12:23:11+0000",
         "debt":"10min",
         "effort":"10min",
         "flows":[

         ],
         "key":"AVtX0X7MTP7eeYW2Ml7N",
         "message":"Make projectname a static final constant or non-public and provide accessors if needed.",
         "project":"java-project",
         "resolution":"FIXED",
         "rule":"squid:ClassVariableVisibilityCheck",
         "severity":"MINOR",
         "status":"CLOSED",
         "tags":[
            "cwe"
         ],
         "textRange":{
            "endLine":50,
            "endOffset":30,
            "startLine":50,
            "startOffset":19
         },
         "type":"VULNERABILITY",
         "updateDate":"2017-04-11T10:05:38+0000"
      },
      {
         "author":"",
         "closeDate":"2017-04-11T10:05:38+0000",
         "component":"java-project:src/com/cts/vsa/Batch.java",
         "componentId":34,
         "creationDate":"2017-04-10T12:23:11+0000",
         "debt":"10min",
         "effort":"10min",
         "flows":[

         ],
         "key":"AVtX0X7MTP7eeYW2Ml7O",
         "message":"Make projectname1 a static final constant or non-public and provide accessors if needed.",
         "project":"java-project",
         "resolution":"FIXED",
         "rule":"squid:ClassVariableVisibilityCheck",
         "severity":"MINOR",
         "status":"CLOSED",
         "tags":[
            "cwe"
         ],
         "textRange":{
            "endLine":51,
            "endOffset":31,
            "startLine":51,
            "startOffset":19
         },
         "type":"VULNERABILITY",
         "updateDate":"2017-04-11T10:05:38+0000"
      },
      {
         "author":"",
         "closeDate":"2017-04-11T10:05:38+0000",
         "component":"java-project:src/com/cts/vsa/Batch.java",
         "componentId":34,
         "creationDate":"2017-04-10T12:23:11+0000",
         "debt":"10min",
         "effort":"10min",
         "flows":[

         ],
         "key":"AVtX0X7MTP7eeYW2Ml7P",
         "message":"Make hostname a static final constant or non-public and provide accessors if needed.",
         "project":"java-project",
         "resolution":"FIXED",
         "rule":"squid:ClassVariableVisibilityCheck",
         "severity":"MINOR",
         "status":"CLOSED",
         "tags":[
            "cwe"
         ],
         "textRange":{
            "endLine":52,
            "endOffset":33,
            "startLine":52,
            "startOffset":25
         },
         "type":"VULNERABILITY",
         "updateDate":"2017-04-11T10:05:38+0000"
      },
      {
         "author":"",
         "closeDate":"2017-04-11T10:05:38+0000",
         "component":"java-project:src/com/cts/vsa/Batch.java",
         "componentId":34,
         "creationDate":"2017-04-10T12:23:11+0000",
         "debt":"10min",
         "effort":"10min",
         "flows":[

         ],
         "key":"AVtX0X7MTP7eeYW2Ml7Q",
         "message":"Make port a static final constant or non-public and provide accessors if needed.",
         "project":"java-project",
         "resolution":"FIXED",
         "rule":"squid:ClassVariableVisibilityCheck",
         "severity":"MINOR",
         "status":"CLOSED",
         "tags":[
            "cwe"
         ],
         "textRange":{
            "endLine":53,
            "endOffset":26,
            "startLine":53,
            "startOffset":22
         },
         "type":"VULNERABILITY",
         "updateDate":"2017-04-11T10:05:38+0000"
      },
      {
         "author":"",
         "closeDate":"2017-04-11T10:05:38+0000",
         "component":"java-project:src/com/cts/vsa/Batch.java",
         "componentId":34,
         "creationDate":"2017-04-10T12:23:11+0000",
         "debt":"10min",
         "effort":"10min",
         "flows":[

         ],
         "key":"AVtX0X7MTP7eeYW2Ml7R",
         "message":"Move the \"\" string literal on the left side of this string comparison.",
         "project":"java-project",
         "resolution":"FIXED",
         "rule":"squid:S1132",
         "severity":"MINOR",
         "status":"CLOSED",
         "tags":[
            "bad-practice"
         ],
         "textRange":{
            "endLine":202,
            "endOffset":52,
            "startLine":202,
            "startOffset":50
         },
         "type":"BUG",
         "updateDate":"2017-04-11T10:05:38+0000"
      },
      {
         "author":"",
         "closeDate":"2017-04-11T10:05:38+0000",
         "component":"java-project:src/com/cts/vsa/Batch.java",
         "componentId":34,
         "creationDate":"2017-04-10T12:23:11+0000",
         "debt":"10min",
         "effort":"10min",
         "flows":[

         ],
         "key":"AVtX0X7NTP7eeYW2Ml7Y",
         "message":"Either log or rethrow this exception.",
         "project":"java-project",
         "resolution":"FIXED",
         "rule":"squid:S1166",
         "severity":"MAJOR",
         "status":"CLOSED",
         "tags":[
            "cert",
            "error-handling",
            "suspicious"
         ],
         "textRange":{
            "endLine":136,
            "endOffset":28,
            "startLine":136,
            "startOffset":17
         },
         "type":"BUG",
         "updateDate":"2017-04-11T10:05:38+0000"
      },
      {
         "author":"",
         "closeDate":"2017-04-11T10:05:38+0000",
         "component":"java-project:src/com/cts/vsa/Batch.java",
         "componentId":34,
         "creationDate":"2017-04-10T12:23:11+0000",
         "debt":"15min",
         "effort":"15min",
         "flows":[

         ],
         "key":"AVtX0X7OTP7eeYW2Ml7Z",
         "message":"Remove this useless assignment to local variable \"newJson1\".",
         "project":"java-project",
         "resolution":"FIXED",
         "rule":"squid:S1854",
         "severity":"MAJOR",
         "status":"CLOSED",
         "tags":[
            "cert",
            "cwe",
            "suspicious",
            "unused"
         ],
         "textRange":{
            "endLine":96,
            "endOffset":68,
            "startLine":96,
            "startOffset":23
         },
         "type":"BUG",
         "updateDate":"2017-04-11T10:05:38+0000"
      },
      {
         "author":"",
         "closeDate":"2017-04-11T10:05:38+0000",
         "component":"java-project:src/com/cts/vsa/Batch.java",
         "componentId":34,
         "creationDate":"2017-04-10T12:23:11+0000",
         "debt":"15min",
         "effort":"15min",
         "flows":[

         ],
         "key":"AVtX0X7OTP7eeYW2Ml7a",
         "message":"Remove this useless assignment to local variable \"objSRB\".",
         "project":"java-project",
         "resolution":"FIXED",
         "rule":"squid:S1854",
         "severity":"MAJOR",
         "status":"CLOSED",
         "tags":[
            "cert",
            "cwe",
            "suspicious",
            "unused"
         ],
         "textRange":{
            "endLine":155,
            "endOffset":43,
            "startLine":155,
            "startOffset":38
         },
         "type":"BUG",
         "updateDate":"2017-04-11T10:05:38+0000"
      },
      {
         "author":"",
         "closeDate":"2017-04-11T10:05:38+0000",
         "component":"java-project:src/com/cts/vsa/Batch.java",
         "componentId":34,
         "creationDate":"2017-04-10T12:23:11+0000",
         "debt":"15min",
         "effort":"15min",
         "flows":[

         ],
         "key":"AVtX0X7OTP7eeYW2Ml7b",
         "message":"Remove this useless assignment to local variable \"p_response\".",
         "project":"java-project",
         "resolution":"FIXED",
         "rule":"squid:S1854",
         "severity":"MAJOR",
         "status":"CLOSED",
         "tags":[
            "cert",
            "cwe",
            "suspicious",
            "unused"
         ],
         "textRange":{
            "endLine":154,
            "endOffset":43,
            "startLine":154,
            "startOffset":37
         },
         "type":"BUG",
         "updateDate":"2017-04-11T10:05:38+0000"
      },
      {
         "author":"",
         "closeDate":"2017-04-11T10:05:38+0000",
         "component":"java-project:src/com/cts/vsa/Batch.java",
         "componentId":34,
         "creationDate":"2017-04-10T12:23:11+0000",
         "debt":"15min",
         "effort":"15min",
         "flows":[

         ],
         "key":"AVtX0X7OTP7eeYW2Ml7c",
         "message":"Remove this useless assignment to local variable \"mainSource\".",
         "project":"java-project",
         "resolution":"FIXED",
         "rule":"squid:S1854",
         "severity":"MAJOR",
         "status":"CLOSED",
         "tags":[
            "cert",
            "cwe",
            "suspicious",
            "unused"
         ],
         "textRange":{
            "endLine":176,
            "endOffset":37,
            "startLine":176,
            "startOffset":32
         },
         "type":"BUG",
         "updateDate":"2017-04-11T10:05:38+0000"
      },
      {
         "author":"",
         "closeDate":"2017-04-11T10:05:38+0000",
         "component":"java-project:src/com/cts/vsa/Batch.java",
         "componentId":34,
         "creationDate":"2017-04-10T12:23:11+0000",
         "debt":"15min",
         "effort":"15min",
         "flows":[

         ],
         "key":"AVtX0X7QTP7eeYW2Ml7d",
         "message":"Remove this useless assignment to local variable \"val\".",
         "project":"java-project",
         "resolution":"FIXED",
         "rule":"squid:S1854",
         "severity":"MAJOR",
         "status":"CLOSED",
         "tags":[
            "cert",
            "cwe",
            "suspicious",
            "unused"
         ],
         "textRange":{
            "endLine":200,
            "endOffset":27,
            "startLine":200,
            "startOffset":25
         },
         "type":"BUG",
         "updateDate":"2017-04-11T10:05:38+0000"
      },
      {
         "author":"",
         "closeDate":"2017-04-11T10:05:38+0000",
         "component":"java-project:src/com/cts/vsa/Batch.java",
         "componentId":34,
         "creationDate":"2017-04-10T12:23:11+0000",
         "debt":"15min",
         "effort":"15min",
         "flows":[

         ],
         "key":"AVtX0X7QTP7eeYW2Ml7e",
         "message":"Remove this useless assignment to local variable \"result\".",
         "project":"java-project",
         "resolution":"FIXED",
         "rule":"squid:S1854",
         "severity":"MAJOR",
         "status":"CLOSED",
         "tags":[
            "cert",
            "cwe",
            "suspicious",
            "unused"
         ],
         "textRange":{
            "endLine":225,
            "endOffset":79,
            "startLine":225,
            "startOffset":31
         },
         "type":"BUG",
         "updateDate":"2017-04-11T10:05:38+0000"
      },
      {
         "author":"",
         "closeDate":"2017-04-11T10:05:38+0000",
         "component":"java-project:src/com/cts/vsa/Batch.java",
         "componentId":34,
         "creationDate":"2017-04-10T12:23:11+0000",
         "debt":"15min",
         "effort":"15min",
         "flows":[

         ],
         "key":"AVtX0X7QTP7eeYW2Ml7f",
         "message":"Remove this useless assignment to local variable \"objSRB\".",
         "project":"java-project",
         "resolution":"FIXED",
         "rule":"squid:S1854",
         "severity":"MAJOR",
         "status":"CLOSED",
         "tags":[
            "cert",
            "cwe",
            "suspicious",
            "unused"
         ],
         "textRange":{
            "endLine":223,
            "endOffset":43,
            "startLine":223,
            "startOffset":38
         },
         "type":"BUG",
         "updateDate":"2017-04-11T10:05:38+0000"
      },
      {
         "author":"",
         "closeDate":"2017-04-11T10:05:38+0000",
         "component":"java-project:src/com/cts/vsa/Batch.java",
         "componentId":34,
         "creationDate":"2017-04-10T12:23:11+0000",
         "debt":"15min",
         "effort":"15min",
         "flows":[

         ],
         "key":"AVtX0X7QTP7eeYW2Ml7g",
         "message":"Remove this useless assignment to local variable \"p_response1\".",
         "project":"java-project",
         "resolution":"FIXED",
         "rule":"squid:S1854",
         "severity":"MAJOR",
         "status":"CLOSED",
         "tags":[
            "cert",
            "cwe",
            "suspicious",
            "unused"
         ],
         "textRange":{
            "endLine":222,
            "endOffset":44,
            "startLine":222,
            "startOffset":38
         },
         "type":"BUG",
         "updateDate":"2017-04-11T10:05:38+0000"
      },
      {
         "author":"",
         "closeDate":"2017-04-11T10:05:38+0000",
         "component":"java-project:src/com/cts/vsa/Batch.java",
         "componentId":34,
         "creationDate":"2017-04-10T12:23:11+0000",
         "debt":"15min",
         "effort":"15min",
         "flows":[

         ],
         "key":"AVtX0X7RTP7eeYW2Ml7h",
         "message":"Remove this useless assignment to local variable \"mainSource\".",
         "project":"java-project",
         "resolution":"FIXED",
         "rule":"squid:S1854",
         "severity":"MAJOR",
         "status":"CLOSED",
         "tags":[
            "cert",
            "cwe",
            "suspicious",
            "unused"
         ],
         "textRange":{
            "endLine":247,
            "endOffset":37,
            "startLine":247,
            "startOffset":32
         },
         "type":"BUG",
         "updateDate":"2017-04-11T10:05:38+0000"
      },
      {
         "author":"",
         "closeDate":"2017-04-11T10:05:38+0000",
         "component":"java-project:src/com/cts/vsa/Batch.java",
         "componentId":34,
         "creationDate":"2017-04-10T12:23:11+0000",
         "debt":"15min",
         "effort":"15min",
         "flows":[

         ],
         "key":"AVtX0X7RTP7eeYW2Ml7i",
         "message":"Remove this useless assignment to local variable \"totalHits\".",
         "project":"java-project",
         "resolution":"FIXED",
         "rule":"squid:S1854",
         "severity":"MAJOR",
         "status":"CLOSED",
         "tags":[
            "cert",
            "cwe",
            "suspicious",
            "unused"
         ],
         "textRange":{
            "endLine":257,
            "endOffset":57,
            "startLine":257,
            "startOffset":25
         },
         "type":"BUG",
         "updateDate":"2017-04-11T10:05:38+0000"
      },
      {
         "author":"",
         "closeDate":"2017-04-11T10:05:38+0000",
         "component":"java-project:src/com/cts/vsa/Batch.java",
         "componentId":34,
         "creationDate":"2017-04-10T12:23:11+0000",
         "debt":"10min",
         "effort":"10min",
         "flows":[

         ],
         "key":"AVtX0X7XTP7eeYW2Ml71",
         "message":"Use a logger to log this exception.",
         "project":"java-project",
         "resolution":"FIXED",
         "rule":"squid:S1148",
         "severity":"MINOR",
         "status":"CLOSED",
         "tags":[
            "error-handling"
         ],
         "textRange":{
            "endLine":138,
            "endOffset":35,
            "startLine":138,
            "startOffset":20
         },
         "type":"VULNERABILITY",
         "updateDate":"2017-04-11T10:05:38+0000"
      },
      {
         "author":"",
         "closeDate":"2017-04-11T10:05:38+0000",
         "component":"java-project:src/com/cts/vsa/ConnectWithES.java",
         "componentId":35,
         "creationDate":"2017-04-10T12:23:11+0000",
         "debt":"20min",
         "effort":"20min",
         "flows":[

         ],
         "key":"AVtX0X71TP7eeYW2Ml8G",
         "message":"Make this \"public static hostname\" field final",
         "project":"java-project",
         "resolution":"FIXED",
         "rule":"squid:S1444",
         "severity":"MINOR",
         "status":"CLOSED",
         "tags":[
            "cert",
            "cwe"
         ],
         "textRange":{
            "endLine":60,
            "endOffset":30,
            "startLine":60,
            "startOffset":22
         },
         "type":"VULNERABILITY",
         "updateDate":"2017-04-11T10:05:38+0000"
      },
      {
         "author":"",
         "closeDate":"2017-04-11T10:05:38+0000",
         "component":"java-project:src/com/cts/vsa/ConnectWithES.java",
         "componentId":35,
         "creationDate":"2017-04-10T12:23:11+0000",
         "debt":"20min",
         "effort":"20min",
         "flows":[

         ],
         "key":"AVtX0X71TP7eeYW2Ml8H",
         "message":"Make this \"public static port\" field final",
         "project":"java-project",
         "resolution":"FIXED",
         "rule":"squid:S1444",
         "severity":"MINOR",
         "status":"CLOSED",
         "tags":[
            "cert",
            "cwe"
         ],
         "textRange":{
            "endLine":61,
            "endOffset":23,
            "startLine":61,
            "startOffset":19
         },
         "type":"VULNERABILITY",
         "updateDate":"2017-04-11T10:05:38+0000"
      },
      {
         "author":"",
         "closeDate":"2017-04-11T10:05:38+0000",
         "component":"java-project:src/com/cts/vsa/ConnectWithES.java",
         "componentId":35,
         "creationDate":"2017-04-10T12:23:11+0000",
         "debt":"10min",
         "effort":"10min",
         "flows":[

         ],
         "key":"AVtX0X72TP7eeYW2Ml9I",
         "message":"Make hostname a static final constant or non-public and provide accessors if needed.",
         "project":"java-project",
         "resolution":"FIXED",
         "rule":"squid:ClassVariableVisibilityCheck",
         "severity":"MINOR",
         "status":"CLOSED",
         "tags":[
            "cwe"
         ],
         "textRange":{
            "endLine":60,
            "endOffset":30,
            "startLine":60,
            "startOffset":22
         },
         "type":"VULNERABILITY",
         "updateDate":"2017-04-11T10:05:38+0000"
      },
      {
         "author":"",
         "closeDate":"2017-04-11T10:05:38+0000",
         "component":"java-project:src/com/cts/vsa/ConnectWithES.java",
         "componentId":35,
         "creationDate":"2017-04-10T12:23:11+0000",
         "debt":"10min",
         "effort":"10min",
         "flows":[

         ],
         "key":"AVtX0X72TP7eeYW2Ml9J",
         "message":"Make port a static final constant or non-public and provide accessors if needed.",
         "project":"java-project",
         "resolution":"FIXED",
         "rule":"squid:ClassVariableVisibilityCheck",
         "severity":"MINOR",
         "status":"CLOSED",
         "tags":[
            "cwe"
         ],
         "textRange":{
            "endLine":61,
            "endOffset":23,
            "startLine":61,
            "startOffset":19
         },
         "type":"VULNERABILITY",
         "updateDate":"2017-04-11T10:05:38+0000"
      },
      {
         "author":"",
         "closeDate":"2017-04-11T10:05:38+0000",
         "component":"java-project:src/com/cts/vsa/ConnectWithES.java",
         "componentId":35,
         "creationDate":"2017-04-10T12:23:11+0000",
         "debt":"5min",
         "effort":"5min",
         "flows":[

         ],
         "key":"AVtX0X72TP7eeYW2Ml9O",
         "message":"Introduce a new variable instead of reusing the parameter \"limit\".",
         "project":"java-project",
         "resolution":"FIXED",
         "rule":"squid:S1226",
         "severity":"MINOR",
         "status":"CLOSED",
         "tags":[
            "misra",
            "pitfall"
         ],
         "textRange":{
            "endLine":280,
            "endOffset":7,
            "startLine":280,
            "startOffset":2
         },
         "type":"BUG",
         "updateDate":"2017-04-11T10:05:38+0000"
      },
      {
         "author":"",
         "closeDate":"2017-04-11T10:05:38+0000",
         "component":"java-project:src/com/cts/vsa/ConnectWithES.java",
         "componentId":35,
         "creationDate":"2017-04-10T12:23:11+0000",
         "debt":"10min",
         "effort":"10min",
         "flows":[

         ],
         "key":"AVtX0X72TP7eeYW2Ml9V",
         "message":"Either log or rethrow this exception.",
         "project":"java-project",
         "resolution":"FIXED",
         "rule":"squid:S1166",
         "severity":"MAJOR",
         "status":"CLOSED",
         "tags":[
            "cert",
            "error-handling",
            "suspicious"
         ],
         "textRange":{
            "endLine":227,
            "endOffset":19,
            "startLine":227,
            "startOffset":8
         },
         "type":"BUG",
         "updateDate":"2017-04-11T10:05:38+0000"
      },
      {
         "author":"",
         "closeDate":"2017-04-11T10:05:38+0000",
         "component":"java-project:src/com/cts/vsa/ConnectWithES.java",
         "componentId":35,
         "creationDate":"2017-04-10T12:23:11+0000",
         "debt":"15min",
         "effort":"15min",
         "flows":[

         ],
         "key":"AVtX0X72TP7eeYW2Ml9X",
         "message":"Remove this useless assignment to local variable \"resTable\".",
         "project":"java-project",
         "resolution":"FIXED",
         "rule":"squid:S1854",
         "severity":"MAJOR",
         "status":"CLOSED",
         "tags":[
            "cert",
            "cwe",
            "suspicious",
            "unused"
         ],
         "textRange":{
            "endLine":187,
            "endOffset":28,
            "startLine":187,
            "startOffset":23
         },
         "type":"BUG",
         "updateDate":"2017-04-11T10:05:38+0000"
      },
      {
         "author":"",
         "closeDate":"2017-04-11T10:05:38+0000",
         "component":"java-project:src/com/cts/vsa/ConnectWithES.java",
         "componentId":35,
         "creationDate":"2017-04-10T12:23:11+0000",
         "debt":"15min",
         "effort":"15min",
         "flows":[

         ],
         "key":"AVtX0X72TP7eeYW2Ml9Y",
         "message":"Remove this useless assignment to local variable \"l_sresp\".",
         "project":"java-project",
         "resolution":"FIXED",
         "rule":"squid:S1854",
         "severity":"MAJOR",
         "status":"CLOSED",
         "tags":[
            "cert",
            "cwe",
            "suspicious",
            "unused"
         ],
         "textRange":{
            "endLine":186,
            "endOffset":29,
            "startLine":186,
            "startOffset":24
         },
         "type":"BUG",
         "updateDate":"2017-04-11T10:05:38+0000"
      },
      {
         "author":"",
         "closeDate":"2017-04-11T10:05:38+0000",
         "component":"java-project:src/com/cts/vsa/ConnectWithES.java",
         "componentId":35,
         "creationDate":"2017-04-10T12:23:11+0000",
         "debt":"15min",
         "effort":"15min",
         "flows":[

         ],
         "key":"AVtX0X72TP7eeYW2Ml9Z",
         "message":"Remove this useless assignment to local variable \"objSRB\".",
         "project":"java-project",
         "resolution":"FIXED",
         "rule":"squid:S1854",
         "severity":"MAJOR",
         "status":"CLOSED",
         "tags":[
            "cert",
            "cwe",
            "suspicious",
            "unused"
         ],
         "textRange":{
            "endLine":241,
            "endOffset":34,
            "startLine":241,
            "startOffset":29
         },
         "type":"BUG",
         "updateDate":"2017-04-11T10:05:38+0000"
      },
      {
         "author":"",
         "closeDate":"2017-04-11T10:05:38+0000",
         "component":"java-project:src/com/cts/vsa/ConnectWithES.java",
         "componentId":35,
         "creationDate":"2017-04-10T12:23:11+0000",
         "debt":"15min",
         "effort":"15min",
         "flows":[

         ],
         "key":"AVtX0X72TP7eeYW2Ml9a",
         "message":"Remove this useless assignment to local variable \"p_response\".",
         "project":"java-project",
         "resolution":"FIXED",
         "rule":"squid:S1854",
         "severity":"MAJOR",
         "status":"CLOSED",
         "tags":[
            "cert",
            "cwe",
            "suspicious",
            "unused"
         ],
         "textRange":{
            "endLine":240,
            "endOffset":34,
            "startLine":240,
            "startOffset":28
         },
         "type":"BUG",
         "updateDate":"2017-04-11T10:05:38+0000"
      },
      {
         "author":"",
         "closeDate":"2017-04-11T10:05:38+0000",
         "component":"java-project:src/com/cts/vsa/ConnectWithES.java",
         "componentId":35,
         "creationDate":"2017-04-10T12:23:11+0000",
         "debt":"15min",
         "effort":"15min",
         "flows":[

         ],
         "key":"AVtX0X72TP7eeYW2Ml9b",
         "message":"Remove this useless assignment to local variable \"p_response\".",
         "project":"java-project",
         "resolution":"FIXED",
         "rule":"squid:S1854",
         "severity":"MAJOR",
         "status":"CLOSED",
         "tags":[
            "cert",
            "cwe",
            "suspicious",
            "unused"
         ],
         "textRange":{
            "endLine":272,
            "endOffset":34,
            "startLine":272,
            "startOffset":28
         },
         "type":"BUG",
         "updateDate":"2017-04-11T10:05:38+0000"
      },
      {
         "author":"",
         "closeDate":"2017-04-11T10:05:38+0000",
         "component":"java-project:src/com/cts/vsa/ConnectWithES.java",
         "componentId":35,
         "creationDate":"2017-04-10T12:23:11+0000",
         "debt":"15min",
         "effort":"15min",
         "flows":[

         ],
         "key":"AVtX0X72TP7eeYW2Ml9c",
         "message":"Remove this useless assignment to local variable \"mainSource\".",
         "project":"java-project",
         "resolution":"FIXED",
         "rule":"squid:S1854",
         "severity":"MAJOR",
         "status":"CLOSED",
         "tags":[
            "cert",
            "cwe",
            "suspicious",
            "unused"
         ],
         "textRange":{
            "endLine":423,
            "endOffset":28,
            "startLine":423,
            "startOffset":23
         },
         "type":"BUG",
         "updateDate":"2017-04-11T10:05:38+0000"
      },
      {
         "author":"",
         "closeDate":"2017-04-11T10:05:38+0000",
         "component":"java-project:src/com/cts/vsa/ConnectWithES.java",
         "componentId":35,
         "creationDate":"2017-04-10T12:23:11+0000",
         "debt":"15min",
         "effort":"15min",
         "flows":[

         ],
         "key":"AVtX0X72TP7eeYW2Ml9d",
         "message":"Remove this useless assignment to local variable \"jspArray\".",
         "project":"java-project",
         "resolution":"FIXED",
         "rule":"squid:S1854",
         "severity":"MAJOR",
         "status":"CLOSED",
         "tags":[
            "cert",
            "cwe",
            "suspicious",
            "unused"
         ],
         "textRange":{
            "endLine":440,
            "endOffset":36,
            "startLine":440,
            "startOffset":20
         },
         "type":"BUG",
         "updateDate":"2017-04-11T10:05:38+0000"
      },
      {
         "author":"",
         "closeDate":"2017-04-11T10:05:38+0000",
         "component":"java-project:src/com/cts/vsa/ConnectWithES.java",
         "componentId":35,
         "creationDate":"2017-04-10T12:23:11+0000",
         "debt":"15min",
         "effort":"15min",
         "flows":[

         ],
         "key":"AVtX0X72TP7eeYW2Ml9e",
         "message":"Remove this useless assignment to local variable \"hits_Object3\".",
         "project":"java-project",
         "resolution":"FIXED",
         "rule":"squid:S1854",
         "severity":"MAJOR",
         "status":"CLOSED",
         "tags":[
            "cert",
            "cwe",
            "suspicious",
            "unused"
         ],
         "textRange":{
            "endLine":445,
            "endOffset":60,
            "startLine":445,
            "startOffset":25
         },
         "type":"BUG",
         "updateDate":"2017-04-11T10:05:38+0000"
      },
      {
         "author":"",
         "closeDate":"2017-04-11T10:05:38+0000",
         "component":"java-project:src/com/cts/vsa/ConnectWithES.java",
         "componentId":35,
         "creationDate":"2017-04-10T12:23:11+0000",
         "debt":"15min",
         "effort":"15min",
         "flows":[

         ],
         "key":"AVtX0X72TP7eeYW2Ml9f",
         "message":"Remove this useless assignment to local variable \"count\".",
         "project":"java-project",
         "resolution":"FIXED",
         "rule":"squid:S1854",
         "severity":"MAJOR",
         "status":"CLOSED",
         "tags":[
            "cert",
            "cwe",
            "suspicious",
            "unused"
         ],
         "textRange":{
            "endLine":457,
            "endOffset":13,
            "startLine":457,
            "startOffset":11
         },
         "type":"BUG",
         "updateDate":"2017-04-11T10:05:38+0000"
      },
      {
         "author":"",
         "closeDate":"2017-04-11T10:05:38+0000",
         "component":"java-project:src/com/cts/vsa/ConnectWithES.java",
         "componentId":35,
         "creationDate":"2017-04-10T12:23:11+0000",
         "debt":"10min",
         "effort":"10min",
         "flows":[

         ],
         "key":"AVtX0X8ETP7eeYW2Ml-N",
         "message":"Use a logger to log this exception.",
         "project":"java-project",
         "resolution":"FIXED",
         "rule":"squid:S1148",
         "severity":"MINOR",
         "status":"CLOSED",
         "tags":[
            "error-handling"
         ],
         "textRange":{
            "endLine":229,
            "endOffset":20,
            "startLine":229,
            "startOffset":5
         },
         "type":"VULNERABILITY",
         "updateDate":"2017-04-11T10:05:38+0000"
      },
      {
         "author":"",
         "closeDate":"2017-04-11T10:05:38+0000",
         "component":"java-project:src/com/cts/vsa/ConnectWithES.java",
         "componentId":35,
         "creationDate":"2017-04-10T12:23:11+0000",
         "debt":"5min",
         "effort":"5min",
         "flows":[

         ],
         "key":"AVtX0X8ETP7eeYW2Ml-O",
         "message":"Use \"Long.toString\" instead.",
         "project":"java-project",
         "resolution":"FIXED",
         "rule":"squid:S2131",
         "severity":"MINOR",
         "status":"CLOSED",
         "tags":[
            "performance"
         ],
         "textRange":{
            "endLine":436,
            "endOffset":25,
            "startLine":436,
            "startOffset":13
         },
         "type":"BUG",
         "updateDate":"2017-04-11T10:05:38+0000"
      },
      {
         "author":"",
         "closeDate":"2017-04-11T10:05:38+0000",
         "component":"java-project:src/com/cts/vsa/UserBean.java",
         "componentId":36,
         "creationDate":"2017-04-10T12:23:11+0000",
         "debt":"20min",
         "effort":"20min",
         "flows":[

         ],
         "key":"AVtX0X8UTP7eeYW2Ml-m",
         "message":"Make this \"public static hostname\" field final",
         "project":"java-project",
         "resolution":"FIXED",
         "rule":"squid:S1444",
         "severity":"MINOR",
         "status":"CLOSED",
         "tags":[
            "cert",
            "cwe"
         ],
         "textRange":{
            "endLine":63,
            "endOffset":30,
            "startLine":63,
            "startOffset":22
         },
         "type":"VULNERABILITY",
         "updateDate":"2017-04-11T10:05:38+0000"
      },
      {
         "author":"",
         "closeDate":"2017-04-11T10:05:38+0000",
         "component":"java-project:src/com/cts/vsa/UserBean.java",
         "componentId":36,
         "creationDate":"2017-04-10T12:23:11+0000",
         "debt":"20min",
         "effort":"20min",
         "flows":[

         ],
         "key":"AVtX0X8UTP7eeYW2Ml-n",
         "message":"Make this \"public static port\" field final",
         "project":"java-project",
         "resolution":"FIXED",
         "rule":"squid:S1444",
         "severity":"MINOR",
         "status":"CLOSED",
         "tags":[
            "cert",
            "cwe"
         ],
         "textRange":{
            "endLine":64,
            "endOffset":23,
            "startLine":64,
            "startOffset":19
         },
         "type":"VULNERABILITY",
         "updateDate":"2017-04-11T10:05:38+0000"
      },
      {
         "author":"",
         "closeDate":"2017-04-11T10:05:38+0000",
         "component":"java-project:src/com/cts/vsa/UserBean.java",
         "componentId":36,
         "creationDate":"2017-04-10T12:23:11+0000",
         "debt":"10min",
         "effort":"10min",
         "flows":[

         ],
         "key":"AVtX0X8UTP7eeYW2Ml_a",
         "message":"Make projectname a static final constant or non-public and provide accessors if needed.",
         "project":"java-project",
         "resolution":"FIXED",
         "rule":"squid:ClassVariableVisibilityCheck",
         "severity":"MINOR",
         "status":"CLOSED",
         "tags":[
            "cwe"
         ],
         "textRange":{
            "endLine":39,
            "endOffset":27,
            "startLine":39,
            "startOffset":16
         },
         "type":"VULNERABILITY",
         "updateDate":"2017-04-11T10:05:38+0000"
      },
      {
         "author":"",
         "closeDate":"2017-04-11T10:05:38+0000",
         "component":"java-project:src/com/cts/vsa/UserBean.java",
         "componentId":36,
         "creationDate":"2017-04-10T12:23:11+0000",
         "debt":"10min",
         "effort":"10min",
         "flows":[

         ],
         "key":"AVtX0X8UTP7eeYW2Ml_b",
         "message":"Make hostname a static final constant or non-public and provide accessors if needed.",
         "project":"java-project",
         "resolution":"FIXED",
         "rule":"squid:ClassVariableVisibilityCheck",
         "severity":"MINOR",
         "status":"CLOSED",
         "tags":[
            "cwe"
         ],
         "textRange":{
            "endLine":63,
            "endOffset":30,
            "startLine":63,
            "startOffset":22
         },
         "type":"VULNERABILITY",
         "updateDate":"2017-04-11T10:05:38+0000"
      },
      {
         "author":"",
         "closeDate":"2017-04-11T10:05:38+0000",
         "component":"java-project:src/com/cts/vsa/UserBean.java",
         "componentId":36,
         "creationDate":"2017-04-10T12:23:11+0000",
         "debt":"10min",
         "effort":"10min",
         "flows":[

         ],
         "key":"AVtX0X8UTP7eeYW2Ml_c",
         "message":"Make port a static final constant or non-public and provide accessors if needed.",
         "project":"java-project",
         "resolution":"FIXED",
         "rule":"squid:ClassVariableVisibilityCheck",
         "severity":"MINOR",
         "status":"CLOSED",
         "tags":[
            "cwe"
         ],
         "textRange":{
            "endLine":64,
            "endOffset":23,
            "startLine":64,
            "startOffset":19
         },
         "type":"VULNERABILITY",
         "updateDate":"2017-04-11T10:05:38+0000"
      },
      {
         "author":"",
         "closeDate":"2017-04-11T10:05:38+0000",
         "component":"java-project:src/com/cts/vsa/UserBean.java",
         "componentId":36,
         "creationDate":"2017-04-10T12:23:11+0000",
         "debt":"10min",
         "effort":"10min",
         "flows":[

         ],
         "key":"AVtX0X8UTP7eeYW2Ml_d",
         "message":"Move the \"dast\" string literal on the left side of this string comparison.",
         "project":"java-project",
         "resolution":"FIXED",
         "rule":"squid:S1132",
         "severity":"MINOR",
         "status":"CLOSED",
         "tags":[
            "bad-practice"
         ],
         "textRange":{
            "endLine":97,
            "endOffset":26,
            "startLine":97,
            "startOffset":20
         },
         "type":"BUG",
         "updateDate":"2017-04-11T10:05:38+0000"
      },
      {
         "author":"",
         "closeDate":"2017-04-11T10:05:38+0000",
         "component":"java-project:src/com/cts/vsa/UserBean.java",
         "componentId":36,
         "creationDate":"2017-04-10T12:23:11+0000",
         "debt":"10min",
         "effort":"10min",
         "flows":[

         ],
         "key":"AVtX0X8UTP7eeYW2Ml_e",
         "message":"Move the \"web\" string literal on the left side of this string comparison.",
         "project":"java-project",
         "resolution":"FIXED",
         "rule":"squid:S1132",
         "severity":"MINOR",
         "status":"CLOSED",
         "tags":[
            "bad-practice"
         ],
         "textRange":{
            "endLine":99,
            "endOffset":30,
            "startLine":99,
            "startOffset":25
         },
         "type":"BUG",
         "updateDate":"2017-04-11T10:05:38+0000"
      },
      {
         "author":"",
         "closeDate":"2017-04-11T10:05:38+0000",
         "component":"java-project:src/com/cts/vsa/UserBean.java",
         "componentId":36,
         "creationDate":"2017-04-10T12:23:11+0000",
         "debt":"10min",
         "effort":"10min",
         "flows":[

         ],
         "key":"AVtX0X8UTP7eeYW2Ml_f",
         "message":"Move the \"mobile\" string literal on the left side of this string comparison.",
         "project":"java-project",
         "resolution":"FIXED",
         "rule":"squid:S1132",
         "severity":"MINOR",
         "status":"CLOSED",
         "tags":[
            "bad-practice"
         ],
         "textRange":{
            "endLine":112,
            "endOffset":38,
            "startLine":112,
            "startOffset":30
         },
         "type":"BUG",
         "updateDate":"2017-04-11T10:05:38+0000"
      },
      {
         "author":"",
         "closeDate":"2017-04-11T10:05:38+0000",
         "component":"java-project:src/com/cts/vsa/UserBean.java",
         "componentId":36,
         "creationDate":"2017-04-10T12:23:11+0000",
         "debt":"10min",
         "effort":"10min",
         "flows":[

         ],
         "key":"AVtX0X8UTP7eeYW2Ml_g",
         "message":"Move the \"sast\" string literal on the left side of this string comparison.",
         "project":"java-project",
         "resolution":"FIXED",
         "rule":"squid:S1132",
         "severity":"MINOR",
         "status":"CLOSED",
         "tags":[
            "bad-practice"
         ],
         "textRange":{
            "endLine":127,
            "endOffset":31,
            "startLine":127,
            "startOffset":25
         },
         "type":"BUG",
         "updateDate":"2017-04-11T10:05:38+0000"
      },
      {
         "author":"",
         "closeDate":"2017-04-11T10:05:38+0000",
         "component":"java-project:src/com/cts/vsa/UserBean.java",
         "componentId":36,
         "creationDate":"2017-04-10T12:23:11+0000",
         "debt":"10min",
         "effort":"10min",
         "flows":[

         ],
         "key":"AVtX0X8UTP7eeYW2Ml_h",
         "message":"Move the \"web\" string literal on the left side of this string comparison.",
         "project":"java-project",
         "resolution":"FIXED",
         "rule":"squid:S1132",
         "severity":"MINOR",
         "status":"CLOSED",
         "tags":[
            "bad-practice"
         ],
         "textRange":{
            "endLine":129,
            "endOffset":30,
            "startLine":129,
            "startOffset":25
         },
         "type":"BUG",
         "updateDate":"2017-04-11T10:05:38+0000"
      },
      {
         "author":"",
         "closeDate":"2017-04-11T10:05:38+0000",
         "component":"java-project:src/com/cts/vsa/UserBean.java",
         "componentId":36,
         "creationDate":"2017-04-10T12:23:11+0000",
         "debt":"10min",
         "effort":"10min",
         "flows":[

         ],
         "key":"AVtX0X8UTP7eeYW2Ml_i",
         "message":"Move the \"mobile\" string literal on the left side of this string comparison.",
         "project":"java-project",
         "resolution":"FIXED",
         "rule":"squid:S1132",
         "severity":"MINOR",
         "status":"CLOSED",
         "tags":[
            "bad-practice"
         ],
         "textRange":{
            "endLine":143,
            "endOffset":38,
            "startLine":143,
            "startOffset":30
         },
         "type":"BUG",
         "updateDate":"2017-04-11T10:05:38+0000"
      },
      {
         "author":"",
         "closeDate":"2017-04-11T10:05:38+0000",
         "component":"java-project:src/com/cts/vsa/UserBean.java",
         "componentId":36,
         "creationDate":"2017-04-10T12:23:11+0000",
         "debt":"10min",
         "effort":"10min",
         "flows":[

         ],
         "key":"AVtX0X8UTP7eeYW2Ml_j",
         "message":"Move the \"\" string literal on the left side of this string comparison.",
         "project":"java-project",
         "resolution":"FIXED",
         "rule":"squid:S1132",
         "severity":"MINOR",
         "status":"CLOSED",
         "tags":[
            "bad-practice"
         ],
         "textRange":{
            "endLine":192,
            "endOffset":30,
            "startLine":192,
            "startOffset":28
         },
         "type":"BUG",
         "updateDate":"2017-04-11T10:05:38+0000"
      },
      {
         "author":"",
         "closeDate":"2017-04-11T10:05:38+0000",
         "component":"java-project:src/com/cts/vsa/UserBean.java",
         "componentId":36,
         "creationDate":"2017-04-10T12:23:11+0000",
         "debt":"10min",
         "effort":"10min",
         "flows":[

         ],
         "key":"AVtX0X8UTP7eeYW2Ml_k",
         "message":"Move the \"\" string literal on the left side of this string comparison.",
         "project":"java-project",
         "resolution":"FIXED",
         "rule":"squid:S1132",
         "severity":"MINOR",
         "status":"CLOSED",
         "tags":[
            "bad-practice"
         ],
         "textRange":{
            "endLine":198,
            "endOffset":85,
            "startLine":198,
            "startOffset":83
         },
         "type":"BUG",
         "updateDate":"2017-04-11T10:05:38+0000"
      },
      {
         "author":"",
         "closeDate":"2017-04-11T10:05:38+0000",
         "component":"java-project:src/com/cts/vsa/UserBean.java",
         "componentId":36,
         "creationDate":"2017-04-10T12:23:11+0000",
         "debt":"10min",
         "effort":"10min",
         "flows":[

         ],
         "key":"AVtX0X8UTP7eeYW2Ml_l",
         "message":"Move the \"\" string literal on the left side of this string comparison.",
         "project":"java-project",
         "resolution":"FIXED",
         "rule":"squid:S1132",
         "severity":"MINOR",
         "status":"CLOSED",
         "tags":[
            "bad-practice"
         ],
         "textRange":{
            "endLine":227,
            "endOffset":32,
            "startLine":227,
            "startOffset":30
         },
         "type":"BUG",
         "updateDate":"2017-04-11T10:05:38+0000"
      },
      {
         "author":"",
         "closeDate":"2017-04-11T10:05:38+0000",
         "component":"java-project:src/com/cts/vsa/UserBean.java",
         "componentId":36,
         "creationDate":"2017-04-10T12:23:11+0000",
         "debt":"10min",
         "effort":"10min",
         "flows":[

         ],
         "key":"AVtX0X8UTP7eeYW2Ml_m",
         "message":"Move the \"\" string literal on the left side of this string comparison.",
         "project":"java-project",
         "resolution":"FIXED",
         "rule":"squid:S1132",
         "severity":"MINOR",
         "status":"CLOSED",
         "tags":[
            "bad-practice"
         ],
         "textRange":{
            "endLine":232,
            "endOffset":79,
            "startLine":232,
            "startOffset":77
         },
         "type":"BUG",
         "updateDate":"2017-04-11T10:05:38+0000"
      },
      {
         "author":"",
         "closeDate":"2017-04-11T10:05:38+0000",
         "component":"java-project:src/com/cts/vsa/UserBean.java",
         "componentId":36,
         "creationDate":"2017-04-10T12:23:11+0000",
         "debt":"10min",
         "effort":"10min",
         "flows":[

         ],
         "key":"AVtX0X8UTP7eeYW2Ml_n",
         "message":"Move the \"\" string literal on the left side of this string comparison.",
         "project":"java-project",
         "resolution":"FIXED",
         "rule":"squid:S1132",
         "severity":"MINOR",
         "status":"CLOSED",
         "tags":[
            "bad-practice"
         ],
         "textRange":{
            "endLine":256,
            "endOffset":38,
            "startLine":256,
            "startOffset":36
         },
         "type":"BUG",
         "updateDate":"2017-04-11T10:05:38+0000"
      },
      {
         "author":"",
         "closeDate":"2017-04-11T10:05:38+0000",
         "component":"java-project:src/com/cts/vsa/UserBean.java",
         "componentId":36,
         "creationDate":"2017-04-10T12:23:11+0000",
         "debt":"10min",
         "effort":"10min",
         "flows":[

         ],
         "key":"AVtX0X8UTP7eeYW2Ml_o",
         "message":"Move the \"\" string literal on the left side of this string comparison.",
         "project":"java-project",
         "resolution":"FIXED",
         "rule":"squid:S1132",
         "severity":"MINOR",
         "status":"CLOSED",
         "tags":[
            "bad-practice"
         ],
         "textRange":{
            "endLine":261,
            "endOffset":87,
            "startLine":261,
            "startOffset":85
         },
         "type":"BUG",
         "updateDate":"2017-04-11T10:05:38+0000"
      },
      {
         "author":"",
         "closeDate":"2017-04-11T10:05:38+0000",
         "component":"java-project:src/com/cts/vsa/UserBean.java",
         "componentId":36,
         "creationDate":"2017-04-10T12:23:11+0000",
         "debt":"10min",
         "effort":"10min",
         "flows":[

         ],
         "key":"AVtX0X8UTP7eeYW2Ml_p",
         "message":"Move the \"\" string literal on the left side of this string comparison.",
         "project":"java-project",
         "resolution":"FIXED",
         "rule":"squid:S1132",
         "severity":"MINOR",
         "status":"CLOSED",
         "tags":[
            "bad-practice"
         ],
         "textRange":{
            "endLine":282,
            "endOffset":30,
            "startLine":282,
            "startOffset":28
         },
         "type":"BUG",
         "updateDate":"2017-04-11T10:05:38+0000"
      },
      {
         "author":"",
         "closeDate":"2017-04-11T10:05:38+0000",
         "component":"java-project:src/com/cts/vsa/UserBean.java",
         "componentId":36,
         "creationDate":"2017-04-10T12:23:11+0000",
         "debt":"10min",
         "effort":"10min",
         "flows":[

         ],
         "key":"AVtX0X8UTP7eeYW2Ml_q",
         "message":"Move the \"\" string literal on the left side of this string comparison.",
         "project":"java-project",
         "resolution":"FIXED",
         "rule":"squid:S1132",
         "severity":"MINOR",
         "status":"CLOSED",
         "tags":[
            "bad-practice"
         ],
         "textRange":{
            "endLine":485,
            "endOffset":56,
            "startLine":485,
            "startOffset":54
         },
         "type":"BUG",
         "updateDate":"2017-04-11T10:05:38+0000"
      },
      {
         "author":"",
         "closeDate":"2017-04-11T10:05:38+0000",
         "component":"java-project:src/com/cts/vsa/UserBean.java",
         "componentId":36,
         "creationDate":"2017-04-10T12:23:11+0000",
         "debt":"10min",
         "effort":"10min",
         "flows":[

         ],
         "key":"AVtX0X8UTP7eeYW2Ml_r",
         "message":"Move the \"\" string literal on the left side of this string comparison.",
         "project":"java-project",
         "resolution":"FIXED",
         "rule":"squid:S1132",
         "severity":"MINOR",
         "status":"CLOSED",
         "tags":[
            "bad-practice"
         ],
         "textRange":{
            "endLine":488,
            "endOffset":59,
            "startLine":488,
            "startOffset":57
         },
         "type":"BUG",
         "updateDate":"2017-04-11T10:05:38+0000"
      },
      {
         "author":"",
         "closeDate":"2017-04-11T10:05:38+0000",
         "component":"java-project:src/com/cts/vsa/UserBean.java",
         "componentId":36,
         "creationDate":"2017-04-10T12:23:11+0000",
         "debt":"10min",
         "effort":"10min",
         "flows":[

         ],
         "key":"AVtX0X8UTP7eeYW2Ml_s",
         "message":"Move the \"\" string literal on the left side of this string comparison.",
         "project":"java-project",
         "resolution":"FIXED",
         "rule":"squid:S1132",
         "severity":"MINOR",
         "status":"CLOSED",
         "tags":[
            "bad-practice"
         ],
         "textRange":{
            "endLine":498,
            "endOffset":60,
            "startLine":498,
            "startOffset":58
         },
         "type":"BUG",
         "updateDate":"2017-04-11T10:05:38+0000"
      },
      {
         "author":"",
         "closeDate":"2017-04-11T10:05:38+0000",
         "component":"java-project:src/com/cts/vsa/UserBean.java",
         "componentId":36,
         "creationDate":"2017-04-10T12:23:11+0000",
         "debt":"5min",
         "effort":"5min",
         "flows":[

         ],
         "key":"AVtX0X8UTP7eeYW2Ml_x",
         "message":"Only the first line of this 2-line block will be executed in a loop. The rest will execute only once.",
         "project":"java-project",
         "resolution":"FIXED",
         "rule":"squid:S2681",
         "severity":"MAJOR",
         "status":"CLOSED",
         "tags":[
            "cert",
            "cwe"
         ],
         "textRange":{
            "endLine":93,
            "endOffset":175,
            "startLine":93,
            "startOffset":2
         },
         "type":"BUG",
         "updateDate":"2017-04-11T10:05:38+0000"
      },
      {
         "author":"",
         "closeDate":"2017-04-11T10:05:38+0000",
         "component":"java-project:src/com/cts/vsa/UserBean.java",
         "componentId":36,
         "creationDate":"2017-04-10T12:23:11+0000",
         "debt":"10min",
         "effort":"10min",
         "flows":[

         ],
         "key":"AVtX0X8kTP7eeYW2MmAA",
         "message":"Either log or rethrow this exception.",
         "project":"java-project",
         "resolution":"FIXED",
         "rule":"squid:S1166",
         "severity":"MAJOR",
         "status":"CLOSED",
         "tags":[
            "cert",
            "error-handling",
            "suspicious"
         ],
         "textRange":{
            "endLine":417,
            "endOffset":19,
            "startLine":417,
            "startOffset":8
         },
         "type":"BUG",
         "updateDate":"2017-04-11T10:05:38+0000"
      },
      {
         "author":"",
         "closeDate":"2017-04-11T10:05:38+0000",
         "component":"java-project:src/com/cts/vsa/UserBean.java",
         "componentId":36,
         "creationDate":"2017-04-10T12:23:11+0000",
         "debt":"15min",
         "effort":"15min",
         "flows":[

         ],
         "key":"AVtX0X8kTP7eeYW2MmAC",
         "message":"Remove this useless assignment to local variable \"l_sresp\".",
         "project":"java-project",
         "resolution":"FIXED",
         "rule":"squid:S1854",
         "severity":"MAJOR",
         "status":"CLOSED",
         "tags":[
            "cert",
            "cwe",
            "suspicious",
            "unused"
         ],
         "textRange":{
            "endLine":93,
            "endOffset":174,
            "startLine":93,
            "startOffset":24
         },
         "type":"BUG",
         "updateDate":"2017-04-11T10:05:38+0000"
      },
      {
         "author":"",
         "closeDate":"2017-04-11T10:05:38+0000",
         "component":"java-project:src/com/cts/vsa/UserBean.java",
         "componentId":36,
         "creationDate":"2017-04-10T12:23:11+0000",
         "debt":"15min",
         "effort":"15min",
         "flows":[

         ],
         "key":"AVtX0X8kTP7eeYW2MmAD",
         "message":"Remove this useless assignment to local variable \"TechnologyValue\".",
         "project":"java-project",
         "resolution":"FIXED",
         "rule":"squid:S1854",
         "severity":"MAJOR",
         "status":"CLOSED",
         "tags":[
            "cert",
            "cwe",
            "suspicious",
            "unused"
         ],
         "textRange":{
            "endLine":174,
            "endOffset":69,
            "startLine":174,
            "startOffset":64
         },
         "type":"BUG",
         "updateDate":"2017-04-11T10:05:38+0000"
      },
      {
         "author":"",
         "closeDate":"2017-04-11T10:05:38+0000",
         "component":"java-project:src/com/cts/vsa/UserBean.java",
         "componentId":36,
         "creationDate":"2017-04-10T12:23:11+0000",
         "debt":"15min",
         "effort":"15min",
         "flows":[

         ],
         "key":"AVtX0X8kTP7eeYW2MmAE",
         "message":"Remove this useless assignment to local variable \"VerticalValue\".",
         "project":"java-project",
         "resolution":"FIXED",
         "rule":"squid:S1854",
         "severity":"MAJOR",
         "status":"CLOSED",
         "tags":[
            "cert",
            "cwe",
            "suspicious",
            "unused"
         ],
         "textRange":{
            "endLine":174,
            "endOffset":48,
            "startLine":174,
            "startOffset":42
         },
         "type":"BUG",
         "updateDate":"2017-04-11T10:05:38+0000"
      },
      {
         "author":"",
         "closeDate":"2017-04-11T10:05:38+0000",
         "component":"java-project:src/com/cts/vsa/UserBean.java",
         "componentId":36,
         "creationDate":"2017-04-10T12:23:11+0000",
         "debt":"15min",
         "effort":"15min",
         "flows":[

         ],
         "key":"AVtX0X8kTP7eeYW2MmAF",
         "message":"Remove this useless assignment to local variable \"RegionValue\".",
         "project":"java-project",
         "resolution":"FIXED",
         "rule":"squid:S1854",
         "severity":"MAJOR",
         "status":"CLOSED",
         "tags":[
            "cert",
            "cwe",
            "suspicious",
            "unused"
         ],
         "textRange":{
            "endLine":174,
            "endOffset":27,
            "startLine":174,
            "startOffset":21
         },
         "type":"BUG",
         "updateDate":"2017-04-11T10:05:38+0000"
      },
      {
         "author":"",
         "closeDate":"2017-04-11T10:05:38+0000",
         "component":"java-project:src/com/cts/vsa/UserBean.java",
         "componentId":36,
         "creationDate":"2017-04-10T12:23:11+0000",
         "debt":"15min",
         "effort":"15min",
         "flows":[

         ],
         "key":"AVtX0X8kTP7eeYW2MmAG",
         "message":"Remove this useless assignment to local variable \"VerticalValue\".",
         "project":"java-project",
         "resolution":"FIXED",
         "rule":"squid:S1854",
         "severity":"MAJOR",
         "status":"CLOSED",
         "tags":[
            "cert",
            "cwe",
            "suspicious",
            "unused"
         ],
         "textRange":{
            "endLine":234,
            "endOffset":28,
            "startLine":234,
            "startOffset":18
         },
         "type":"BUG",
         "updateDate":"2017-04-11T10:05:38+0000"
      },
      {
         "author":"",
         "closeDate":"2017-04-11T10:05:38+0000",
         "component":"java-project:src/com/cts/vsa/UserBean.java",
         "componentId":36,
         "creationDate":"2017-04-10T12:23:11+0000",
         "debt":"15min",
         "effort":"15min",
         "flows":[

         ],
         "key":"AVtX0X8kTP7eeYW2MmAH",
         "message":"Remove this useless assignment to local variable \"TechnologyValue\".",
         "project":"java-project",
         "resolution":"FIXED",
         "rule":"squid:S1854",
         "severity":"MAJOR",
         "status":"CLOSED",
         "tags":[
            "cert",
            "cwe",
            "suspicious",
            "unused"
         ],
         "textRange":{
            "endLine":263,
            "endOffset":36,
            "startLine":263,
            "startOffset":20
         },
         "type":"BUG",
         "updateDate":"2017-04-11T10:05:38+0000"
      },
      {
         "author":"",
         "closeDate":"2017-04-11T10:05:38+0000",
         "component":"java-project:src/com/cts/vsa/UserBean.java",
         "componentId":36,
         "creationDate":"2017-04-10T12:23:11+0000",
         "debt":"15min",
         "effort":"15min",
         "flows":[

         ],
         "key":"AVtX0X8kTP7eeYW2MmAI",
         "message":"Remove this useless assignment to local variable \"objSRB\".",
         "project":"java-project",
         "resolution":"FIXED",
         "rule":"squid:S1854",
         "severity":"MAJOR",
         "status":"CLOSED",
         "tags":[
            "cert",
            "cwe",
            "suspicious",
            "unused"
         ],
         "textRange":{
            "endLine":315,
            "endOffset":34,
            "startLine":315,
            "startOffset":29
         },
         "type":"BUG",
         "updateDate":"2017-04-11T10:05:38+0000"
      },
      {
         "author":"",
         "closeDate":"2017-04-11T10:05:38+0000",
         "component":"java-project:src/com/cts/vsa/UserBean.java",
         "componentId":36,
         "creationDate":"2017-04-10T12:23:11+0000",
         "debt":"15min",
         "effort":"15min",
         "flows":[

         ],
         "key":"AVtX0X8kTP7eeYW2MmAJ",
         "message":"Remove this useless assignment to local variable \"p_response1\".",
         "project":"java-project",
         "resolution":"FIXED",
         "rule":"squid:S1854",
         "severity":"MAJOR",
         "status":"CLOSED",
         "tags":[
            "cert",
            "cwe",
            "suspicious",
            "unused"
         ],
         "textRange":{
            "endLine":314,
            "endOffset":35,
            "startLine":314,
            "startOffset":29
         },
         "type":"BUG",
         "updateDate":"2017-04-11T10:05:38+0000"
      },
      {
         "author":"",
         "closeDate":"2017-04-11T10:05:38+0000",
         "component":"java-project:src/com/cts/vsa/UserBean.java",
         "componentId":36,
         "creationDate":"2017-04-10T12:23:11+0000",
         "debt":"15min",
         "effort":"15min",
         "flows":[

         ],
         "key":"AVtX0X8kTP7eeYW2MmAK",
         "message":"Remove this useless assignment to local variable \"l_sresp\".",
         "project":"java-project",
         "resolution":"FIXED",
         "rule":"squid:S1854",
         "severity":"MAJOR",
         "status":"CLOSED",
         "tags":[
            "cert",
            "cwe",
            "suspicious",
            "unused"
         ],
         "textRange":{
            "endLine":310,
            "endOffset":29,
            "startLine":310,
            "startOffset":24
         },
         "type":"BUG",
         "updateDate":"2017-04-11T10:05:38+0000"
      },
      {
         "author":"",
         "closeDate":"2017-04-11T10:05:38+0000",
         "component":"java-project:src/com/cts/vsa/UserBean.java",
         "componentId":36,
         "creationDate":"2017-04-10T12:23:11+0000",
         "debt":"15min",
         "effort":"15min",
         "flows":[

         ],
         "key":"AVtX0X8kTP7eeYW2MmAL",
         "message":"Remove this useless assignment to local variable \"result1\".",
         "project":"java-project",
         "resolution":"FIXED",
         "rule":"squid:S1854",
         "severity":"MAJOR",
         "status":"CLOSED",
         "tags":[
            "cert",
            "cwe",
            "suspicious",
            "unused"
         ],
         "textRange":{
            "endLine":394,
            "endOffset":80,
            "startLine":394,
            "startOffset":23
         },
         "type":"BUG",
         "updateDate":"2017-04-11T10:05:38+0000"
      },
      {
         "author":"",
         "closeDate":"2017-04-11T10:05:38+0000",
         "component":"java-project:src/com/cts/vsa/UserBean.java",
         "componentId":36,
         "creationDate":"2017-04-10T12:23:11+0000",
         "debt":"15min",
         "effort":"15min",
         "flows":[

         ],
         "key":"AVtX0X8kTP7eeYW2MmAM",
         "message":"Remove this useless assignment to local variable \"id\".",
         "project":"java-project",
         "resolution":"FIXED",
         "rule":"squid:S1854",
         "severity":"MAJOR",
         "status":"CLOSED",
         "tags":[
            "cert",
            "cwe",
            "suspicious",
            "unused"
         ],
         "textRange":{
            "endLine":445,
            "endOffset":22,
            "startLine":445,
            "startOffset":16
         },
         "type":"BUG",
         "updateDate":"2017-04-11T10:05:38+0000"
      },
      {
         "author":"",
         "closeDate":"2017-04-11T10:05:38+0000",
         "component":"java-project:src/com/cts/vsa/UserBean.java",
         "componentId":36,
         "creationDate":"2017-04-10T12:23:11+0000",
         "debt":"15min",
         "effort":"15min",
         "flows":[

         ],
         "key":"AVtX0X8kTP7eeYW2MmAN",
         "message":"Remove this useless assignment to local variable \"l_sresp\".",
         "project":"java-project",
         "resolution":"FIXED",
         "rule":"squid:S1854",
         "severity":"MAJOR",
         "status":"CLOSED",
         "tags":[
            "cert",
            "cwe",
            "suspicious",
            "unused"
         ],
         "textRange":{
            "endLine":439,
            "endOffset":29,
            "startLine":439,
            "startOffset":24
         },
         "type":"BUG",
         "updateDate":"2017-04-11T10:05:38+0000"
      },
      {
         "author":"",
         "closeDate":"2017-04-11T10:05:38+0000",
         "component":"java-project:src/com/cts/vsa/UserBean.java",
         "componentId":36,
         "creationDate":"2017-04-10T12:23:11+0000",
         "debt":"15min",
         "effort":"15min",
         "flows":[

         ],
         "key":"AVtX0X8kTP7eeYW2MmAO",
         "message":"Remove this useless assignment to local variable \"client1\".",
         "project":"java-project",
         "resolution":"FIXED",
         "rule":"squid:S1854",
         "severity":"MAJOR",
         "status":"CLOSED",
         "tags":[
            "cert",
            "cwe",
            "suspicious",
            "unused"
         ],
         "textRange":{
            "endLine":469,
            "endOffset":61,
            "startLine":469,
            "startOffset":26
         },
         "type":"BUG",
         "updateDate":"2017-04-11T10:05:38+0000"
      },
      {
         "author":"",
         "closeDate":"2017-04-11T10:05:38+0000",
         "component":"java-project:src/com/cts/vsa/UserBean.java",
         "componentId":36,
         "creationDate":"2017-04-10T12:23:11+0000",
         "debt":"15min",
         "effort":"15min",
         "flows":[

         ],
         "key":"AVtX0X8kTP7eeYW2MmAP",
         "message":"Remove this useless assignment to local variable \"objSRB\".",
         "project":"java-project",
         "resolution":"FIXED",
         "rule":"squid:S1854",
         "severity":"MAJOR",
         "status":"CLOSED",
         "tags":[
            "cert",
            "cwe",
            "suspicious",
            "unused"
         ],
         "textRange":{
            "endLine":468,
            "endOffset":34,
            "startLine":468,
            "startOffset":29
         },
         "type":"BUG",
         "updateDate":"2017-04-11T10:05:38+0000"
      },
      {
         "author":"",
         "closeDate":"2017-04-11T10:05:38+0000",
         "component":"java-project:src/com/cts/vsa/UserBean.java",
         "componentId":36,
         "creationDate":"2017-04-10T12:23:11+0000",
         "debt":"15min",
         "effort":"15min",
         "flows":[

         ],
         "key":"AVtX0X8kTP7eeYW2MmAQ",
         "message":"Remove this useless assignment to local variable \"p_response1\".",
         "project":"java-project",
         "resolution":"FIXED",
         "rule":"squid:S1854",
         "severity":"MAJOR",
         "status":"CLOSED",
         "tags":[
            "cert",
            "cwe",
            "suspicious",
            "unused"
         ],
         "textRange":{
            "endLine":467,
            "endOffset":35,
            "startLine":467,
            "startOffset":29
         },
         "type":"BUG",
         "updateDate":"2017-04-11T10:05:38+0000"
      },
      {
         "author":"",
         "closeDate":"2017-04-11T10:05:38+0000",
         "component":"java-project:src/com/cts/vsa/UserBean.java",
         "componentId":36,
         "creationDate":"2017-04-10T12:23:11+0000",
         "debt":"15min",
         "effort":"15min",
         "flows":[

         ],
         "key":"AVtX0X8kTP7eeYW2MmAR",
         "message":"Remove this useless assignment to local variable \"value1\".",
         "project":"java-project",
         "resolution":"FIXED",
         "rule":"squid:S1854",
         "severity":"MAJOR",
         "status":"CLOSED",
         "tags":[
            "cert",
            "cwe",
            "suspicious",
            "unused"
         ],
         "textRange":{
            "endLine":482,
            "endOffset":15,
            "startLine":482,
            "startOffset":13
         },
         "type":"BUG",
         "updateDate":"2017-04-11T10:05:38+0000"
      },
      {
         "author":"",
         "closeDate":"2017-04-11T10:05:38+0000",
         "component":"java-project:src/com/cts/vsa/UserBean.java",
         "componentId":36,
         "creationDate":"2017-04-10T12:23:11+0000",
         "debt":"15min",
         "effort":"15min",
         "flows":[

         ],
         "key":"AVtX0X8kTP7eeYW2MmAS",
         "message":"Remove this useless assignment to local variable \"mainSource\".",
         "project":"java-project",
         "resolution":"FIXED",
         "rule":"squid:S1854",
         "severity":"MAJOR",
         "status":"CLOSED",
         "tags":[
            "cert",
            "cwe",
            "suspicious",
            "unused"
         ],
         "textRange":{
            "endLine":524,
            "endOffset":29,
            "startLine":524,
            "startOffset":24
         },
         "type":"BUG",
         "updateDate":"2017-04-11T10:05:38+0000"
      },
      {
         "author":"",
         "closeDate":"2017-04-11T10:05:38+0000",
         "component":"java-project:src/com/cts/vsa/UserBean.java",
         "componentId":36,
         "creationDate":"2017-04-10T12:23:11+0000",
         "debt":"15min",
         "effort":"15min",
         "flows":[

         ],
         "key":"AVtX0X8kTP7eeYW2MmAT",
         "message":"Remove this useless assignment to local variable \"totalHits\".",
         "project":"java-project",
         "resolution":"FIXED",
         "rule":"squid:S1854",
         "severity":"MAJOR",
         "status":"CLOSED",
         "tags":[
            "cert",
            "cwe",
            "suspicious",
            "unused"
         ],
         "textRange":{
            "endLine":532,
            "endOffset":49,
            "startLine":532,
            "startOffset":17
         },
         "type":"BUG",
         "updateDate":"2017-04-11T10:05:38+0000"
      },
      {
         "author":"",
         "closeDate":"2017-04-11T10:05:38+0000",
         "component":"java-project:src/com/cts/vsa/UserBean.java",
         "componentId":36,
         "creationDate":"2017-04-10T12:23:11+0000",
         "debt":"10min",
         "effort":"10min",
         "flows":[

         ],
         "key":"AVtX0X8zTP7eeYW2MmAr",
         "message":"Use a logger to log this exception.",
         "project":"java-project",
         "resolution":"FIXED",
         "rule":"squid:S1148",
         "severity":"MINOR",
         "status":"CLOSED",
         "tags":[
            "error-handling"
         ],
         "textRange":{
            "endLine":419,
            "endOffset":20,
            "startLine":419,
            "startOffset":5
         },
         "type":"VULNERABILITY",
         "updateDate":"2017-04-11T10:05:38+0000"
      },
      {
         "author":"",
         "closeDate":"2017-04-11T10:05:38+0000",
         "component":"java-project:src/com/cts/vsa/UserBean.java",
         "componentId":36,
         "creationDate":"2017-04-10T12:23:11+0000",
         "debt":"5min",
         "effort":"5min",
         "flows":[

         ],
         "key":"AVtX0X8zTP7eeYW2MmAs",
         "message":"Use \"Integer.toString\" instead.",
         "project":"java-project",
         "resolution":"FIXED",
         "rule":"squid:S2131",
         "severity":"MINOR",
         "status":"CLOSED",
         "tags":[
            "performance"
         ],
         "textRange":{
            "endLine":356,
            "endOffset":101,
            "startLine":356,
            "startOffset":31
         },
         "type":"BUG",
         "updateDate":"2017-04-11T10:05:38+0000"
      },
      {
         "author":"",
         "closeDate":"2017-04-11T10:05:38+0000",
         "component":"java-project:src/com/cts/vsa/UserBean.java",
         "componentId":36,
         "creationDate":"2017-04-10T12:23:11+0000",
         "debt":"5min",
         "effort":"5min",
         "flows":[

         ],
         "key":"AVtX0X8zTP7eeYW2MmAt",
         "message":"Use \"Integer.toString\" instead.",
         "project":"java-project",
         "resolution":"FIXED",
         "rule":"squid:S2131",
         "severity":"MINOR",
         "status":"CLOSED",
         "tags":[
            "performance"
         ],
         "textRange":{
            "endLine":371,
            "endOffset":109,
            "startLine":371,
            "startOffset":35
         },
         "type":"BUG",
         "updateDate":"2017-04-11T10:05:38+0000"
      },
      {
         "author":"",
         "closeDate":"2017-04-11T10:05:38+0000",
         "component":"java-project:src/com/cts/vsa/UserBean.java",
         "componentId":36,
         "creationDate":"2017-04-10T12:23:11+0000",
         "debt":"5min",
         "effort":"5min",
         "flows":[

         ],
         "key":"AVtX0X8zTP7eeYW2MmAu",
         "message":"Use \"Integer.toString\" instead.",
         "project":"java-project",
         "resolution":"FIXED",
         "rule":"squid:S2131",
         "severity":"MINOR",
         "status":"CLOSED",
         "tags":[
            "performance"
         ],
         "textRange":{
            "endLine":383,
            "endOffset":117,
            "startLine":383,
            "startOffset":39
         },
         "type":"BUG",
         "updateDate":"2017-04-11T10:05:38+0000"
      },
      {
         "author":"",
         "closeDate":"2017-04-11T10:05:38+0000",
         "component":"java-project:src/com/cts/vsa/UserBean.java",
         "componentId":36,
         "creationDate":"2017-04-10T12:23:11+0000",
         "debt":"5min",
         "effort":"5min",
         "flows":[

         ],
         "key":"AVtX0X8zTP7eeYW2MmAv",
         "message":"Use \"Integer.toString\" instead.",
         "project":"java-project",
         "resolution":"FIXED",
         "rule":"squid:S2131",
         "severity":"MINOR",
         "status":"CLOSED",
         "tags":[
            "performance"
         ],
         "textRange":{
            "endLine":390,
            "endOffset":100,
            "startLine":390,
            "startOffset":28
         },
         "type":"BUG",
         "updateDate":"2017-04-11T10:05:38+0000"
      },
      {
         "author":"",
         "closeDate":"2017-04-10T12:23:11+0000",
         "component":"java-project:src/main/webapp/resources/scripts/weatherwidget.js",
         "componentId":14,
         "creationDate":"2017-02-06T14:19:29+0000",
         "debt":"5min",
         "effort":"5min",
         "flows":[

         ],
         "key":"AVoTy1Jdl43SayIqyKtv",
         "message":"Remove this logging statement.",
         "project":"java-project",
         "resolution":"FIXED",
         "rule":"javascript:S2228",
         "severity":"MINOR",
         "status":"CLOSED",
         "tags":[
            "owasp-a6",
            "user-experience"
         ],
         "textRange":{
            "endLine":56,
            "endOffset":14,
            "startLine":56,
            "startOffset":3
         },
         "type":"VULNERABILITY",
         "updateDate":"2017-04-10T12:23:11+0000"
      }
   ],
   "p":1,
   "paging":{
      "pageIndex":1,
      "pageSize":100,
      "total":85
   },
   "ps":100,
   "total":85
}