[[{"pagename":{"pagenames":"Homepage"}},{"ImageAlt":{"Impact":"critical","Violation":"Images must have alternative text","GuidelineNo":"WCAG 1.1.1 Non-text Content","Suggestion":"Element does not have an alt attribute\n\naria-label attribute does not exist or is empty\n\naria-labelledby attribute does not exist, references elements that do not exist or references elements that are empty\n\nElement has no title attribute or the title attribute is empty\n\nElement's default semantics were not overridden with role=\"presentation\"\n\nElement's default semantics were not overridden with role=\"none\"","IssueDescription":"Ensures <img> elements have alternate text or a role of none or presentation","AffectedUsers":"Blindness\nDeafblindness","Standard":"WCAG 2.1\nWCAG 2.0\nSection 508","Sources":["<img data-src=\"/_ui/responsive/theme-tacobell/images/button-loading-teal-desktop.gif\" src=\"/_ui/responsive/theme-tacobell/images/button-loading-teal-desktop.gif\">","<img src=\"/medias/CLS-Heart-Icon.svg?context=bWFzdGVyfHJvb3R8MTIwM3xpbWFnZS9zdmcreG1sfGhhMS9oY2MvODgwNjQ4MTQ2MTI3OC5zdmd8Y2IyOTg2ZDg0NTRjY2RhZDIyMmVjM2NjYzFhNTI3MjlhYjFhMzExNTk1NTY5OTc4NDI2M2FmNWY5NGNhY2FkZQ\" aria-label=\"ariaImg-Favorites\">","<img src=\"/medias/CLS-New-Icon.svg?context=bWFzdGVyfHJvb3R8MTMzOHxpbWFnZS9zdmcreG1sfGg3OS9oZWUvODgwNjQ4MTUyNjgxNC5zdmd8ODI2YWZmMmRmMDc5NTgzNmZmODMzNzMzYjUxZjMxYjkxOGE1MDU5MTYzZGE2NzBjNDZmYzA0NjEwYTA4NjQ1NA\" aria-label=\"ariaImg-New\">","<img src=\"/medias/CLS-Combos-Icon.svg?context=bWFzdGVyfHJvb3R8MzY4NXxpbWFnZS9zdmcreG1sfGg4Ny9oMDkvODgwNjQ4MTM5NTc0Mi5zdmd8YTdkMDliYjAxY2QxZjlhOTA3ZmE1YmVjYjAwMjJhZTM4NTU1NGRhYTBmNDRkY2NiMzNjYTE1ZTUxYWY5ZDJjZg\" aria-label=\"ariaImg-Combos\">","<img src=\"/medias/CLS-Specialties-Icon.svg?context=bWFzdGVyfHJvb3R8NTAwN3xpbWFnZS9zdmcreG1sfGg1Mi9oZTkvODgwNjQ4MTMzMDIwNi5zdmd8YjIyY2YzNzRhOWY5ZjRlMjY2MmNlYWIyOWY5NzM1ZjgyOWU3ZGE0NGRmOGZiMmY1ODJiODllNzQ1NzU3NGFkNA\" aria-label=\"ariaImg-Specialties\">","<img src=\"/medias/CLS-Taco-Icon.svg?context=bWFzdGVyfHJvb3R8MzkxNHxpbWFnZS9zdmcreG1sfGgzMC9oODgvODgwNjQ4MTI2NDY3MC5zdmd8NDMyMThlZWZiZjEzMGEyNDE5OTM3MzVkNDBiODMwYzZlMTdjNmE0Mzg2MjhlNWVjMWFhM2U4NzVhNzlmOWEyZg\" aria-label=\"ariaImg-Tacos\">","<img src=\"/medias/CLS-Burrito-Icon.svg?context=bWFzdGVyfHJvb3R8NDUyN3xpbWFnZS9zdmcreG1sfGg2Zi9oZjkvODgwNjQ4MTE5OTEzNC5zdmd8ZjJjMWFjZjllMDRkYTk2OWI1NTFkODcxMzkwODk1MTZjYjQ3ZmZiMzU4M2Q3OWM4NjNiNzdiYjM1MTgxNGRhNg\" aria-label=\"ariaImg-Burritos\">","<img src=\"/medias/CLS-Quesadilla-Icon.svg?context=bWFzdGVyfGltYWdlc3wzMzE0fGltYWdlL3N2Zyt4bWx8aW1hZ2VzL2g2YS9oZTIvODgwODUxNTA0MzM1OC5zdmd8YTk3ZDBjYzVjZmY0ZmU2MWFjMGI4YzJjM2IxYWY4MWQyODZkMmU2NjI5NzJlNTU5NTdkMjkyZGNhMDkwYTk2MQ\" aria-label=\"ariaImg-\">","<img src=\"/medias/CLS-Nachos-Icon.svg?context=bWFzdGVyfGltYWdlc3wxNDE3fGltYWdlL3N2Zyt4bWx8aW1hZ2VzL2g1Yi9oYzAvODgwODUxNTY2NTk1MC5zdmd8YTU3YTQ3N2MyNmNmZmZjNjk4MzAwYmYxN2Q4NGIzY2I3YzQ4ZWRlYjZjZDg5YTQ4ZTk4YTc1NzMyY2YxZWU3YQ\" aria-label=\"ariaImg-\">","<img src=\"/medias/CLS-Dollar-Icon.svg?context=bWFzdGVyfHJvb3R8MjkzMnxpbWFnZS9zdmcreG1sfGg1Ni9oYjIvODgwODUxMzgzMDk0Mi5zdmd8NWM0YWJhNmMzZGVjZWNiMjE3ZjE5MzI3Njc5NjAyNTkxYTcxMTFmZTNlOWQ3OGViZTlkMTUzNTBlOTc3MzkyYw\" aria-label=\"ariaImg-Dollar Cravings\">","<img src=\"/medias/CLS-Sweets-Icon.svg?context=bWFzdGVyfHJvb3R8MjUxOHxpbWFnZS9zdmcreG1sfGhiYy9oOTkvODgwNjQ4MTAwMjUyNi5zdmd8MjkxOWM1OGZiYTE3OTY2NjY5Y2U4NzUyNzRhMTkzZjQyYmE2NTIzMmFjN2I2ZTEyNGRhODhiZDI5MmY3MWQwNQ\" aria-label=\"ariaImg-Sweets\">","<img src=\"/medias/CLS-Sides-Icon.svg?context=bWFzdGVyfHJvb3R8MjEwN3xpbWFnZS9zdmcreG1sfGg0MS9oNWYvODgwNjQ4MDg3MTQ1NC5zdmd8NWE1NTkxNjRlNjM2YmE4ZDBiNTBlY2FjNjBmODFhMzRjZDBlMDdmYzY0ZjU2NGY4ZTAwYTFmOGE0ZGE5OWFlNg\" aria-label=\"ariaImg-Sides\">","<img src=\"/medias/CLS-Drinks-Icon.svg?context=bWFzdGVyfHJvb3R8MTM2NHxpbWFnZS9zdmcreG1sfGhkMS9oYzcvODgwNjQ4MDgwNTkxOC5zdmd8N2M3NzMwNjVkZTZhZWYwNDU4ZGE1MTkxZjBmZWJhYTlhNDllMjM1NzY2ZmMzNDE1ZjBhODFkNDY5NDkzNWQyOQ\" aria-label=\"ariaImg-Drinks\">","<img src=\"/medias/CLS-PowerMenu-Icon.svg?context=bWFzdGVyfGltYWdlc3wxMDc4fGltYWdlL3N2Zyt4bWx8aW1hZ2VzL2hhZi9oODYvODgwODUxNDAyNzU1MC5zdmd8MWJhYWEwOWYyOGY5ZjExYjE2YzY5MWQxZTZkOWIzNmU3ZjVmNDc5ZjUyNWI4OTY4OTE2ZWEwYjI5NjhlYWU3Ng\" aria-label=\"ariaImg-\">","<img src=\"/medias/CLS-PartyPack-Icon.svg?context=bWFzdGVyfHJvb3R8MjI1NnxpbWFnZS9zdmcreG1sfGgyMC9oMWQvODgwNjQ4MDY3NDg0Ni5zdmd8MTljZTdjMjI4NmY1NmI4YWM4ZmQxNDNmMTA5ODk5NTgyNTcxM2U1YjVlY2NhZjQ1ZGIzMDc2MDE2NGNiNWU0MQ\" aria-label=\"ariaImg-Party Packs\">","<img src=\"/medias/CLS-Veggie-Icon.svg?context=bWFzdGVyfHJvb3R8MjkwNnxpbWFnZS9zdmcreG1sfGhmNi9oNDUvODgwNjQ4MDYwOTMxMC5zdmd8YmU3Mjk3ZmM5MGYxMzI2YjQxZDNmMGRmMzUzOTliYjFhMGIzNmU4NzVjNjE3YTJjODQzNWExOTg2YmY3YjBmNQ\" aria-label=\"ariaImg-Vegetarian\">","<img src=\"/medias/CLS-Breakfast-Icon.svg?context=bWFzdGVyfHJvb3R8MzA0M3xpbWFnZS9zdmcreG1sfGhkNy9oYWUvODgwNjQ4MDU0Mzc3NC5zdmd8YjQ3ODVlMjY4MzFkYjNkZTM5ZmQ2ZWU1NzhhMDY1ODUxN2M1NzY4N2JmZmJiMTc4NGNkOGU2ZWNkY2YyYmE4Nw\" aria-label=\"ariaImg-Breakfast\">","<img src=\"/medias/Desktop-Background.png?context=bWFzdGVyfHJvb3R8NzkxOXxpbWFnZS9wbmd8aDNlL2gwNy84ODA2NzU0OTQzMDA2LnBuZ3xlYTA3NzU3MTI1ZWZlYzNmMjYyNzBiM2M2NjFkYWVkZGMxYzhjMmZiZjVmZWM3MjA0YjkwYmJhZjhkYzFlZTIw\">"]}},{"EmptyLinks":{"Impact":"Serious","Violation":"Link must be a discernible text","GuidelineNo":"WCAG 4.1.2 Name, Role, Value\nWCAG 2.4.4 Link Purpose","Suggestion":"Element does not have text that is visible to screen readers\n\naria-label attribute does not exist or is empty\naria-labelledby attribute does not exist, references elements that do not exist or references elements that are empty\nElement's default semantics were not overridden with role=\"presentation\"\nElement's default semantics were not overridden with role=\"none\"","IssueDescription":"Ensures links have discernible text","AffectedUsers":"Blindness\nDeafblindness\nMobility/Dexterity","Standard":"WCAG 2.1\nWCAG 2.0\nSection 508","Sources":["<a id=\"global-header-menu\" data-analytics-action=\"Menu Nav\" data-analytics-value=\"Open Menu\">","<a id=\"global-header-search\">","<a href=\"#\" data-analytics-action=\"Top Nav\" data-analytics-value=\"Show Sign Up\">"]}},{"mainLandmark":{"Impact":"moderate","Violation":"Page must contain at least one main landmark","GuidelineNo":"Best Practices","Suggestion":"Page does not have a main landmark","IssueDescription":"Ensures the page has only one main landmark and each iframe in the page has at most one main landmark","AffectedUsers":"Blindness\nDeafblindness\nMobility/Dexterity","Standard":"Best Practices","Sources":["<html xmlns=\"http://www.w3.org/1999/xhtml\" lang=\"en\" role=\"main\" class=\" js flexbox flexboxlegacy canvas canvastext webgl no-touch geolocation postmessage websqldatabase indexeddb hashchange history draganddrop websockets rgba hsla multiplebgs backgroundsize borderimage borderradius boxshadow textshadow opacity cssanimations csscolumns cssgradients cssreflections csstransforms csstransforms3d csstransitions fontface generatedcontent video audio localstorage sessionstorage webworkers applicationcache svg inlinesvg smil svgclippaths csstransformspreserve3d\">"]}},{"landmarkCheck":{"Impact":"moderate","Violation":"All Page must contain landmarks","GuidelineNo":"Bestpractices","Suggestion":"Some page content is not contained by landmarks","IssueDescription":"Ensures all page content is contained by landmarks","AffectedUsers":"Mobility/Dexterity\nBlindness\nDeafblindness","Standard":"Best Practices","Sources":["<html xmlns=\"http://www.w3.org/1999/xhtml\" lang=\"en\" role=\"main\" class=\" js flexbox flexboxlegacy canvas canvastext webgl no-touch geolocation postmessage websqldatabase indexeddb hashchange history draganddrop websockets rgba hsla multiplebgs backgroundsize borderimage borderradius boxshadow textshadow opacity cssanimations csscolumns cssgradients cssreflections csstransforms csstransforms3d csstransitions fontface generatedcontent video audio localstorage sessionstorage webworkers applicationcache svg inlinesvg smil svgclippaths csstransformspreserve3d\">"]}},{"listChildrenCheckUL":{"Impact":"Serious","Violation":"list item are used semantically","GuidelineNo":"WCAG 1.3.1 Info and Relationships","Suggestion":"List item does not have a <ul>, <ol> or role=\"list\" parent element","IssueDescription":"Ensures <li> elements are used semantically","AffectedUsers":"Blindness\nDeafblindness\nMobility/Dexterity","Standard":"WCAG 2.1\nWCAG 2.0","Sources":["<ul class=\"search-offer userbar-container\"> "]}},{"FindLabel":{"Impact":"critical","Violation":"label must be provided for the form element","GuidelineNo":"WCAG 1.3.1 Info and Relationships\nWCAG 3.3.2 Labels or Instructions","Suggestion":"aria-label attribute does not exist or is empty\n\naria-labelledby attribute does not exist, references elements that do not exist or references elements that are empty\n\nForm element does not have an implicit (wrapped) <label>\n\nForm element does not have an explicit <label>\n\nElement has no title attribute or the title attribute is empty","IssueDescription":"Ensures every form element has a label","AffectedUsers":"Blindness\nLow Vision\nDeafblindness\nMobility/Dexterity","Standard":"WCAG 2.1\nWCAG 2.0\nSection 508","Sources":["<input class=\"form-control verify-email-input\" name=\"email\" type=\"email\" required data-parsley-error-message=\"Please enter a valid email address\" data-parsley-type-message=\"Please enter a valid e-mail address\">","<input id=\"fb-phoneNumber\" type=\"text\" required data-parsley-pattern=\"\\b\\d{3}[-]\\d{3}[-]\\d{4}\\b\" class=\"form-control verify-phone-input\" data-parsley-length=\"[12,12]\" name=\"phoneNumber\" data-parsley-error-message=\"Please enter a valid phone number\">","<input name=\"pid\">","<input name=\"ev\">","<input name=\"pl\">","<input name=\"ts\">","<input name=\"rf\">","<input name=\"v\">","<input name=\"if\">","<input name=\"bt\">","<input name=\"u_hem\">","<input name=\"u_c1\">","<input name=\"m_sl\">","<input name=\"m_rd\">","<input name=\"m_pi\">","<input name=\"m_ic\">"]}},{"headingid":{"Violation":"Headings hierarchy must be given properly","GuidelineNo":"Bestpractices","Impact":"moderate","Suggestion":"Heading order invalid","IssueDescription":"Ensures the order of headings is semantically correc","AffectedUsers":"Blindness\nDeafblindness\nMobility/Dexterity","Sources":["<h4>Special Offers<\/h4>"]}},{"Duplicate ID":{"Impact":"minor","Violation":"Unique id must be provided","GuidelineNo":"WCAG 4.1.1 Parsing","Suggestion":"Document has multiple  elements with the same id attribute","IssueDescription":"Ensures every id attribute value is unique","AffectedUsers":"Blindness\nDeafblindness","Standard":"WCAG 2.0\nWCAG 2.1","Sources":["<li id=\"js-btn-location\" class=\"btn-location icon-btnlocation\" data-store-finder-link-name=\"PICKUP RESTAURANT\"> <a href=\"/locations\" target=\"_self\" data-analytics-action=\"Top Nav\" data-analytics-value=\"Pick Up Restaurant Click\"> <i id=\"header_location\" class=\"icon-location\" title=\"Pickup restaurant\"><\/i> ","<i id=\"header_location\" class=\"icon-location\" title=\"Pickup restaurant\"><\/i>","<i id=\"header_profile\" class=\"icon-account-profile\" title=\"Login\"><\/i>"]}},{"iframeTitle":{"Impact":"Serious","Violation":"Document contains iframeTitle","GuidelineNo":"WCAG 4.1.2 Name Role Value\nWCAG 2.4.1 Bypass block","Suggestion":"Id values should be iframeTitle","IssueDescription":"Document contains iframeTitle","AffectedUsers":"Blindness\nDeafblindness\nMobility/Dexterity","Standard":"WCAG 2.0\nWCAG 2.1\nSection 508","Sources":["<iframe id=\"snap02118434298426437\" name=\"snap02118434298426437\"><\/iframe>","<iframe id=\"snap044879033297503335\" name=\"snap044879033297503335\"><\/iframe>"]}},{"zoomStatus":{"Impact":"critical","GuidelineNo":"WCAG 1.4.4 resize-text","Violation":"maximum-scale on <meta> tag disables zooming on mobile devices","Suggestion":"maximum-scale on <meta> tag disables zooming on mobile devices","IssueDescription":"Ensures <meta name=viewportdoes not disable text scaling and zooming","AffectedUsers":"Low Vision","Standard":"Best Practices","Sources":["<meta name=\"viewport\" id=\"mViewport\" content=\"width=768, minimal-ui, maximum-scale=1.0, user-scalable=no\">"]}},{"emptyHeading":{"Impact":"minor","GuidelineNo":"WCAG 1.3.1","Violation":"Page is provided with no heading","Suggestion":"Element does not have text that is visible to screen readers","IssueDescription":"Ensures page has no emptyHeading","AffectedUsers":"Blindness\nDeafblindness\nMobility/Dexterity","Standard":"Best Practices","Sources":["<h1 class=\"web-home-logo\"><a class=\"logo\" href=\"/ \" data-analytics-action=\"Top Nav\" data-analytics-value=\"Home\"> <img src=\"/medias/Taco-Bell-Logo.svg?context=bWFzdGVyfGltYWdlc3wyOTI4fGltYWdlL3N2Zyt4bWx8aW1hZ2VzL2gzNy9oZDIvODgyNTIyNzgwNDcwMi5zdmd8MGMxNTUxM2YzM2Y3OTgwN2I2MWZhZGQ0OTE2MzI4OGNkYTAxOGY1MGI4MTlhMzNhOTM4OWFiMmYyOTU5MGE1NQ\" title=\"logo\" alt=\"logo\"> <\/a><\/h1>","<h2><a href=\"/delivery\"><img src=\"/medias/ord-delivery-02.png?context=bWFzdGVyfHJvb3R8OTg2OXxpbWFnZS9wbmd8aDczL2gwYy84OTA4ODE5MjAyMDc4LnBuZ3w4ZGY0NDYxMTQ2MTM4NGEyYzAyNWIyMjJmMDk5NDZjOGNiYWE3MjA5NWM0OTlkODgzMjk5YWM3NmEyM2ViOTNm\" alt=\"Order Taco Bell Online \"><\/a> <\/h2>","<h2><\/h2>"]}},{"checkValidHref":{"Impact":"Serious","Violation":"Anchor links must be used with valid URLs or URL fragments","GuidelineNo":"Bestpractices","Suggestion":"Provide a valid link destination in the href attribute to ensure that links function properly even with JavaScript turned off. In particular, you should avoid href=\"\" or href=\"rules/axe/2.6#\". The \"#\" symbol is used as a \"fragment identifier separator\", which means its intended purpose within the href attribute is to precede a string of text which identifies a fragment within the page (a named anchor or an ID on the page). The use of \"#\" as the hypertext reference essentially means that the anchor points to nothing. In some browsers this may \"point\" to the entire document or to the top of the page, and this will cause an unexpected shift in focus","IssueDescription":"Anchors must only be used as links with valid URLs or URL fragments","AffectedUsers":"Blindness\nDeafblindness\nMobility/Dexterity","Standard":"Best Practices","Sources":["<a class=\"login\" href=\"#\" data-analytics-action=\"Top Nav\" data-analytics-value=\"Show Sign Up\">Log in<\/a>","<a href=\"#\" class=\"close icon-close\" data-analytics-action=\"Menu Nav\" data-analytics-value=\"Close Menu\"><span class=\"sr-only\">Close<\/span><\/a>","<a href=\"#\" class=\"greeting js-header-login\" data-analytics-action=\"Top Nav\" data-analytics-value=\"Show Sign Up\"><i id=\"header_profile\" class=\"icon-account-profile\" title=\"Login\"><\/i> <span class=\"login-link\">log in<\/span> <\/a>","<a id=\"global-header-menu\" data-analytics-action=\"Menu Nav\" data-analytics-value=\"Open Menu\"><\/a>","<a id=\"global-header-search\"> <i class=\"icon-search\"><\/i> <\/a>","<a href=\"#\" data-analytics-action=\"Top Nav\" data-analytics-value=\"Show Sign Up\"> <i id=\"header_profile\" class=\"icon-account-profile\" title=\"MyAccount\"><\/i> <span class=\"active-cart-indicator indicator-position hidden\"><span><\/span><\/span> <\/a>","<a class=\"btn btn-primary\" id=\"orderFastFavorite\" data-url=\"/favorite/checkoutFavoriteOrder\"> <i class=\"icon-rapid-order\"><\/i>Order Fast Favorite<\/a>"]}}]]