[[{"Target":["html > body > .container-fluid > div:nth-child(1) > nav > .container-fluid > .navbar-header > a.navbar-brand",".container > span","#login","#forgotPassword","html > body > .container-fluid > div:nth-child(3) > footer > .container-fluid > .navbar-header > a.navbar-brand"],"Help":"Elements must have sufficient color contrast","impact":"serious","description":"Ensures the contrast between foreground and background colors meets WCAG 2 AA contrast ratio thresholds","helpUrl":"https:\/\/dequeuniversity.com\/rules\/axe\/2.6\/color-contrast?application=axeAPI","html":"<a class=\\navbar-brand\\ href=\\#\\>NFT Lifecycle Orchestration Kit<\\\/a>\n\n<span style=\\color: #18bc9c;font-size:18px; \\>Login<\\\/span>\n\n<button class=\\btn  btn-success btn-large\\ type=\\submit\\ id=\\login\\ method=\\login\\ key=\\label.login\\ onclick=\\submitLogin();\\>Login<\\\/button>\n\n<a href=\\#\\ onclick=\\forgotPassword();\\ id=\\forgotPassword\\>Forgot Password<\\\/a>\n\n<a class=\\navbar-brand\\ href=\\#\\>Designed by NFT COE<\\\/a>","id":"color-contrast","message":"-- >Ensures the contrast between foreground and background colors meets WCAG 2 AA contrast ratio thresholds.\n--> Expected contrast ratio of 4.5:1 for the below mentioned issues","DisabilityType":["Visual Imapirments"],"Guidelines":["cat.color","wcag2aa","wcag143"]},{"Target":["html"],"Help":"Documents must have <title> element to aid in navigation","impact":"serious","description":"Ensures each HTML document contains a non-empty <title> element","helpUrl":"https:\/\/dequeuniversity.com\/rules\/axe\/2.6\/document-title?application=axeAPI","html":"<html>","id":"document-title","DisabilityType":["Visual Imapirments"],"Guidelines":["cat.text-alternatives","wcag2a","wcag242"]},{"Target":["html"],"Help":"<html> element must have a lang attribute","impact":"serious","description":"Ensures every HTML document has a lang attribute","helpUrl":"https:\/\/dequeuniversity.com\/rules\/axe\/2.6\/html-has-lang?application=axeAPI","html":"<html>","id":"html-has-lang","DisabilityType":["Cognitive impairments"],"Guidelines":["cat.language","wcag2a","wcag311"]},{"Target":["div:nth-child(1) > img[src$=\"pic3.jpg\"]"],"Help":"Images must have alternate text","impact":"critical","description":"Ensures <img> elements have alternate text or a role of none or presentation","helpUrl":"https:\/\/dequeuniversity.com\/rules\/axe\/2.6\/image-alt?application=axeAPI","html":"<img src=\\images\\\/pic3.jpg\\ style=\\width: 120%;\\>","id":"image-alt","message":"--> Element does not have an alt attribute\n--> aria-label attribute does not exist or is empty\n--> aria-labelledby attribute does not exist, references elements that do not exist or references elements that are empty or not visible\n--> Element has no title attribute or the title attribute is empty\n--> Element's default semantics were not overridden with role=presentation\n--> Element's default semantics were not overridden with role=none","DisabilityType":["visual impairments & hearing impairments"],"Guidelines":["cat.text-alternatives","wcag2a","wcag111","section508","section508.22.a"]},{"Target":["html"],"Help":"Page must contain one main landmark.","impact":"moderate","description":"Ensures a navigation point to the primary content of the page. If the page contains iframes, each iframe should contain either no main landmarks or just one.","helpUrl":"https:\/\/dequeuniversity.com\/rules\/axe\/2.6\/landmark-one-main?application=axeAPI","html":"<html>","id":"landmark-one-main","DisabilityType":[],"Guidelines":["best-practice"]},{"pagename":"T01_Launch"}], [{"Target":["#banner2 > span"],"Help":"Elements must have sufficient color contrast","impact":"serious","description":"Ensures the contrast between foreground and background colors meets WCAG 2 AA contrast ratio thresholds","helpUrl":"https:\/\/dequeuniversity.com\/rules\/axe\/2.6\/color-contrast?application=axeAPI","html":"<span style=\\color: grey; size: 11px\\>\\t|<\\\/span>","id":"color-contrast","message":"-- >Ensures the contrast between foreground and background colors meets WCAG 2 AA contrast ratio thresholds.\n--> Expected contrast ratio of 4.5:1 for the below mentioned issues","DisabilityType":["Visual Imapirments"],"Guidelines":["cat.color","wcag2aa","wcag143"]},{"Target":["#risk > div:nth-child(2)","body > div.color"],"Help":"id attribute value must be unique","impact":"moderate","description":"Ensures every id attribute value is unique","helpUrl":"https:\/\/dequeuniversity.com\/rules\/axe\/2.6\/duplicate-id?application=axeAPI","html":"<div id=\\riskLevel\\>Risk Level<\\\/div>\n\n<div id=\\footer\\ class=\\color\\>","id":"duplicate-id","message":"--> Document has multiple elements with the same id attribute: hidden-content\n--> Document has multiple elements with the same id attribute: back\n--> Document has multiple elements with the same id attribute: Page-1\n--> Document has multiple elements with the same id attribute: Shape \n--> Document has multiple elements with the same id attribute: videoCode_odd\n--> Document has multiple elements with the same id attribute: segments-we-serve\n--> Document has multiple elements with the same id attribute: bluepage\n--> Document has multiple elements with the same id attribute: OLT\n--> Document has multiple elements with the same id attribute: callout\n--> Document has multiple elements with the same id attribute: segments\n--> Document has multiple elements with the same id attribute: callout-tab\n--> Document has multiple elements with the same id attribute: videoCode","DisabilityType":["Visual Imapirments"],"Guidelines":["cat.parsing","wcag2a","wcag411"]},{"Target":["html"],"Help":"<html> element must have a lang attribute","impact":"serious","description":"Ensures every HTML document has a lang attribute","helpUrl":"https:\/\/dequeuniversity.com\/rules\/axe\/2.6\/html-has-lang?application=axeAPI","html":"<html>","id":"html-has-lang","DisabilityType":["Cognitive impairments"],"Guidelines":["cat.language","wcag2a","wcag311"]},{"Target":["#theImg","a:nth-child(2) > img[src$=\"stock_edit.png\"]","a > img[src$=\"document_add_24.png\"]"],"Help":"Images must have alternate text","impact":"critical","description":"Ensures <img> elements have alternate text or a role of none or presentation","helpUrl":"https:\/\/dequeuniversity.com\/rules\/axe\/2.6\/image-alt?application=axeAPI","html":"<img id=\\theImg\\ src=\\images\\\/checkmark_64.png\\ width=\\47\\ height=\\47\\>\n\n<img src=\\images\\\/stock_edit.png\\ width=\\20\\ height=\\20\\ border=\\0\\>\n\n<img src=\\images\\\/document_add_24.png\\ width=\\20\\ height=\\15\\ border=\\0\\>","id":"image-alt","message":"--> Element does not have an alt attribute\n--> aria-label attribute does not exist or is empty\n--> aria-labelledby attribute does not exist, references elements that do not exist or references elements that are empty or not visible\n--> Element has no title attribute or the title attribute is empty\n--> Element's default semantics were not overridden with role=presentation\n--> Element's default semantics were not overridden with role=none","DisabilityType":["visual impairments & hearing impairments"],"Guidelines":["cat.text-alternatives","wcag2a","wcag111","section508","section508.22.a"]},{"Target":["#deptSelector1"],"Help":"Form elements must have labels","impact":"critical","description":"Ensures every form element has a label","helpUrl":"https:\/\/dequeuniversity.com\/rules\/axe\/2.6\/label?application=axeAPI","html":"<select id=\\deptSelector1\\ name=\\deptID\\ style=\\\\ onchange=\\onChangeDept()\\>\\n\\t\\t<option value=\\0\\>Select Department<\\\/option>\\n\\t\\t\\n\\t\\t\\n\\t\\t\\t\\t<option value=\\1\\>E-commerce<\\\/option>\\n\\t\\t \\n\\t\\t\\t\\t<option value=\\2\\>Insurance<\\\/option>\\n\\t\\t \\n<\\\/select>","id":"label","message":"--> aria-label attribute does not exist or is empty\n--> aria-labelledby attribute does not exist, references elements that do not exist or references elements that are empty or not visible\n--> Form element does not have an implicit (wrapped) <label>\n--> Form element does not have an explicit <label>\n--> Element has no title attribute or the title attribute is empty","DisabilityType":["Cognitive impairments","visual impairments & hearing impairments"],"Guidelines":["cat.forms","wcag2a","wcag332","wcag131","section508","section508.22.n"]},{"Target":["html"],"Help":"Page must contain one main landmark.","impact":"moderate","description":"Ensures a navigation point to the primary content of the page. If the page contains iframes, each iframe should contain either no main landmarks or just one.","helpUrl":"https:\/\/dequeuniversity.com\/rules\/axe\/2.6\/landmark-one-main?application=axeAPI","html":"<html>","id":"landmark-one-main","DisabilityType":[],"Guidelines":["best-practice"]},{"Target":["#table_id_wrapper > .dataTables_scroll > .dataTables_scrollHead > .dataTables_scrollHeadInner > [role=\"grid\"] > thead > [role=\"row\"] > th:nth-child(2) > a[href$=\"home.action\"]","#table_id > thead > [role=\"row\"] > th:nth-child(2) > .dataTables_sizing > a[href$=\"home.action\"]","td:nth-child(2) > a.edit"],"Help":"Links must have discernible text","impact":"serious","description":"Ensures links have discernible text","helpUrl":"https:\/\/dequeuniversity.com\/rules\/axe\/2.6\/link-name?application=axeAPI","html":"<a href=\\home.action\\ target=\\_top\\><\\\/a>\n\n<a href=\\home.action\\ target=\\_top\\><\\\/a>\n\n<a style=\\font-size: 12px;font-family: Helvetica;text-align:right; float: right;\\ class=\\edit\\ href=\\editRelease.action?systemID=1&amp;addOrEdit=edit&amp;deptID=1&amp;releaseID=2\\ target=\\_top\\><img src=\\images\\\/stock_edit.png\\ width=\\20\\ height=\\20\\ border=\\0\\><\\\/a>","id":"link-name","message":"--> Element is in tab order and does not have accessible text\n--> Element does not have text that is visible to screen readers\n--> aria-label attribute does not exist or is empty\n--> aria-labelledby attribute does not exist, references elements that do not exist or references elements that are empty or not visible\n--> Element's default semantics were not overridden with role=presentation\n--> Element's default semantics were not overridden with role=none","DisabilityType":["Visual impairments & Cognitive limitations","Physical, Hearing & Cognitive impairments","visual impairments & hearing impairments"],"Guidelines":["cat.name-role-value","wcag2a","wcag111","wcag412","wcag244","section508","section508.22.a"]},{"Target":["td:nth-child(2) > li.green"],"Help":"Ensures that lists are structured correctly","impact":"serious","description":"Ensures <li> elements are used semantically","helpUrl":"https:\/\/dequeuniversity.com\/rules\/axe\/2.6\/listitem?application=axeAPI","html":"<li class=\\green\\><a href=\\addNewLink.action\\ target=\\_top\\ class=\\footerItem\\><img src=\\images\\\/document_add_24.png\\ width=\\20\\ height=\\15\\ border=\\0\\>Add New Link<\\\/a>\\n\\t\\t<\\\/li>","id":"listitem","DisabilityType":["visual impairments & hearing impairments"],"Guidelines":["cat.structure","wcag2a","wcag131"]},{"pagename":"T02_Login"}], [{"Target":["#banner2 > span"],"Help":"Elements must have sufficient color contrast","impact":"serious","description":"Ensures the contrast between foreground and background colors meets WCAG 2 AA contrast ratio thresholds","helpUrl":"https:\/\/dequeuniversity.com\/rules\/axe\/2.6\/color-contrast?application=axeAPI","html":"<span style=\\color: grey; size: 11px\\>\\t|<\\\/span>","id":"color-contrast","message":"-- >Ensures the contrast between foreground and background colors meets WCAG 2 AA contrast ratio thresholds.\n--> Expected contrast ratio of 4.5:1 for the below mentioned issues","DisabilityType":["Visual Imapirments"],"Guidelines":["cat.color","wcag2aa","wcag143"]},{"Target":["#risk > div:nth-child(2)","body > div.color"],"Help":"id attribute value must be unique","impact":"moderate","description":"Ensures every id attribute value is unique","helpUrl":"https:\/\/dequeuniversity.com\/rules\/axe\/2.6\/duplicate-id?application=axeAPI","html":"<div id=\\riskLevel\\>Risk Level<\\\/div>\n\n<div id=\\footer\\ class=\\color\\>","id":"duplicate-id","message":"--> Document has multiple elements with the same id attribute: hidden-content\n--> Document has multiple elements with the same id attribute: back\n--> Document has multiple elements with the same id attribute: Page-1\n--> Document has multiple elements with the same id attribute: Shape \n--> Document has multiple elements with the same id attribute: videoCode_odd\n--> Document has multiple elements with the same id attribute: segments-we-serve\n--> Document has multiple elements with the same id attribute: bluepage\n--> Document has multiple elements with the same id attribute: OLT\n--> Document has multiple elements with the same id attribute: callout\n--> Document has multiple elements with the same id attribute: segments\n--> Document has multiple elements with the same id attribute: callout-tab\n--> Document has multiple elements with the same id attribute: videoCode","DisabilityType":["Visual Imapirments"],"Guidelines":["cat.parsing","wcag2a","wcag411"]},{"Target":["html"],"Help":"<html> element must have a lang attribute","impact":"serious","description":"Ensures every HTML document has a lang attribute","helpUrl":"https:\/\/dequeuniversity.com\/rules\/axe\/2.6\/html-has-lang?application=axeAPI","html":"<html>","id":"html-has-lang","DisabilityType":["Cognitive impairments"],"Guidelines":["cat.language","wcag2a","wcag311"]},{"Target":["#theImg","a:nth-child(2) > img[src$=\"stock_edit.png\"]","a > img[src$=\"document_add_24.png\"]"],"Help":"Images must have alternate text","impact":"critical","description":"Ensures <img> elements have alternate text or a role of none or presentation","helpUrl":"https:\/\/dequeuniversity.com\/rules\/axe\/2.6\/image-alt?application=axeAPI","html":"<img id=\\theImg\\ src=\\images\\\/checkmark_64.png\\ width=\\47\\ height=\\47\\>\n\n<img src=\\images\\\/stock_edit.png\\ width=\\20\\ height=\\20\\ border=\\0\\>\n\n<img src=\\images\\\/document_add_24.png\\ width=\\20\\ height=\\15\\ border=\\0\\>","id":"image-alt","message":"--> Element does not have an alt attribute\n--> aria-label attribute does not exist or is empty\n--> aria-labelledby attribute does not exist, references elements that do not exist or references elements that are empty or not visible\n--> Element has no title attribute or the title attribute is empty\n--> Element's default semantics were not overridden with role=presentation\n--> Element's default semantics were not overridden with role=none","DisabilityType":["visual impairments & hearing impairments"],"Guidelines":["cat.text-alternatives","wcag2a","wcag111","section508","section508.22.a"]},{"Target":["#deptSelector1"],"Help":"Form elements must have labels","impact":"critical","description":"Ensures every form element has a label","helpUrl":"https:\/\/dequeuniversity.com\/rules\/axe\/2.6\/label?application=axeAPI","html":"<select id=\\deptSelector1\\ name=\\deptID\\ style=\\\\ onchange=\\onChangeDept()\\>\\n\\t\\t<option value=\\0\\>Select Department<\\\/option>\\n\\t\\t\\n\\t\\t\\n\\t\\t\\t\\t<option value=\\1\\>E-commerce<\\\/option>\\n\\t\\t \\n\\t\\t\\t\\t<option value=\\2\\>Insurance<\\\/option>\\n\\t\\t \\n<\\\/select>","id":"label","message":"--> aria-label attribute does not exist or is empty\n--> aria-labelledby attribute does not exist, references elements that do not exist or references elements that are empty or not visible\n--> Form element does not have an implicit (wrapped) <label>\n--> Form element does not have an explicit <label>\n--> Element has no title attribute or the title attribute is empty","DisabilityType":["Cognitive impairments","visual impairments & hearing impairments"],"Guidelines":["cat.forms","wcag2a","wcag332","wcag131","section508","section508.22.n"]},{"Target":["html"],"Help":"Page must contain one main landmark.","impact":"moderate","description":"Ensures a navigation point to the primary content of the page. If the page contains iframes, each iframe should contain either no main landmarks or just one.","helpUrl":"https:\/\/dequeuniversity.com\/rules\/axe\/2.6\/landmark-one-main?application=axeAPI","html":"<html>","id":"landmark-one-main","DisabilityType":[],"Guidelines":["best-practice"]},{"Target":["#table_id_wrapper > .dataTables_scroll > .dataTables_scrollHead > .dataTables_scrollHeadInner > [role=\"grid\"] > thead > [role=\"row\"] > th:nth-child(2) > a[href$=\"home.action\"]","#table_id > thead > [role=\"row\"] > th:nth-child(2) > .dataTables_sizing > a[href$=\"home.action\"]","td:nth-child(2) > a.edit"],"Help":"Links must have discernible text","impact":"serious","description":"Ensures links have discernible text","helpUrl":"https:\/\/dequeuniversity.com\/rules\/axe\/2.6\/link-name?application=axeAPI","html":"<a href=\\home.action\\ target=\\_top\\><\\\/a>\n\n<a href=\\home.action\\ target=\\_top\\><\\\/a>\n\n<a style=\\font-size: 12px;font-family: Helvetica;text-align:right; float: right;\\ class=\\edit\\ href=\\editRelease.action?systemID=1&amp;addOrEdit=edit&amp;deptID=1&amp;releaseID=2\\ target=\\_top\\><img src=\\images\\\/stock_edit.png\\ width=\\20\\ height=\\20\\ border=\\0\\><\\\/a>","id":"link-name","message":"--> Element is in tab order and does not have accessible text\n--> Element does not have text that is visible to screen readers\n--> aria-label attribute does not exist or is empty\n--> aria-labelledby attribute does not exist, references elements that do not exist or references elements that are empty or not visible\n--> Element's default semantics were not overridden with role=presentation\n--> Element's default semantics were not overridden with role=none","DisabilityType":["Visual impairments & Cognitive limitations","Physical, Hearing & Cognitive impairments","visual impairments & hearing impairments"],"Guidelines":["cat.name-role-value","wcag2a","wcag111","wcag412","wcag244","section508","section508.22.a"]},{"Target":["td:nth-child(2) > li.green"],"Help":"Ensures that lists are structured correctly","impact":"serious","description":"Ensures <li> elements are used semantically","helpUrl":"https:\/\/dequeuniversity.com\/rules\/axe\/2.6\/listitem?application=axeAPI","html":"<li class=\\green\\><a href=\\addNewLink.action\\ target=\\_top\\ class=\\footerItem\\><img src=\\images\\\/document_add_24.png\\ width=\\20\\ height=\\15\\ border=\\0\\>Add New Link<\\\/a>\\n\\t\\t<\\\/li>","id":"listitem","DisabilityType":["visual impairments & hearing impairments"],"Guidelines":["cat.structure","wcag2a","wcag131"]},{"pagename":"T03_ClickHome"}], [{"Target":["#banner2 > span"],"Help":"Elements must have sufficient color contrast","impact":"serious","description":"Ensures the contrast between foreground and background colors meets WCAG 2 AA contrast ratio thresholds","helpUrl":"https:\/\/dequeuniversity.com\/rules\/axe\/2.6\/color-contrast?application=axeAPI","html":"<span style=\\color: grey; size: 11px\\>\\t|<\\\/span>","id":"color-contrast","message":"-- >Ensures the contrast between foreground and background colors meets WCAG 2 AA contrast ratio thresholds.\n--> Expected contrast ratio of 4.5:1 for the below mentioned issues","DisabilityType":["Visual Imapirments"],"Guidelines":["cat.color","wcag2aa","wcag143"]},{"Target":["#table_id_wrapper > .dataTables_scroll > .dataTables_scrollHead > .dataTables_scrollHeadInner > [role=\"grid\"] > thead > [role=\"row\"] > th:nth-child(2) > h3:nth-child(2)","#table_id > thead > [role=\"row\"] > th:nth-child(2) > .dataTables_sizing > h3:nth-child(2)"],"Help":"Headings must not be empty","impact":"minor","description":"Ensures headings have discernible text","helpUrl":"https:\/\/dequeuniversity.com\/rules\/axe\/2.6\/empty-heading?application=axeAPI","html":"<h3><\\\/h3>\n\n<h3><\\\/h3>","id":"empty-heading","message":"--> Element does not have text that is visible to screen readers\n--> Element's default semantics were not overridden with role=presentation\n--> Element's default semantics were not overridden with role=none","DisabilityType":[],"Guidelines":["cat.name-role-value","best-practice"]},{"Target":["td > iframe[src$=\"frameLeft.jsp\"]"],"Help":"Frames must have title attribute","impact":"serious","description":"Ensures <iframe> and <frame> elements contain a non-empty title attribute","helpUrl":"https:\/\/dequeuniversity.com\/rules\/axe\/2.6\/frame-title?application=axeAPI","html":"<iframe style=\\display:inline\\ scrolling=\\no\\ src=\\frameLeft.jsp\\ width=\\100%\\ height=\\40\\ frameborder=\\0\\><\\\/iframe>","id":"frame-title","message":"--> aria-label attribute does not exist or is empty\n--> aria-labelledby attribute does not exist, references elements that do not exist or references elements that are empty or not visible\n--> Element has no title attribute or the title attribute is empty\n--> Element's default semantics were not overridden with role=presentation\n--> Element's default semantics were not overridden with role=none","DisabilityType":["Cognitive impairments"],"Guidelines":["cat.text-alternatives","wcag2a","wcag241","section508","section508.22.i"]},{"Target":["html","td > iframe[src$=\"frameLeft.jsp\"]"],"Help":"<html> element must have a lang attribute","impact":"serious","description":"Ensures every HTML document has a lang attribute","helpUrl":"https:\/\/dequeuniversity.com\/rules\/axe\/2.6\/html-has-lang?application=axeAPI","html":"<html>\n\n<html>","id":"html-has-lang","DisabilityType":["Cognitive impairments"],"Guidelines":["cat.language","wcag2a","wcag311"]},{"Target":["#table_id_wrapper > .dataTables_scroll > .dataTables_scrollHead > .dataTables_scrollHeadInner > [role=\"grid\"] > thead > [role=\"row\"] > th:nth-child(1) > h3 > a > img[src$=\"interact.png\"]","#table_id_wrapper > .dataTables_scroll > .dataTables_scrollHead > .dataTables_scrollHeadInner > [role=\"grid\"] > thead > [role=\"row\"] > th:nth-child(4) > ul > li > a > img[src$=\"document_add_24.png\"]","#table_id > thead > [role=\"row\"] > th:nth-child(1) > .dataTables_sizing > h3 > a > img[src$=\"interact.png\"]","#table_id > thead > [role=\"row\"] > th:nth-child(4) > .dataTables_sizing > ul > li > a > img[src$=\"document_add_24.png\"]","#table_id > tbody > [role=\"row\"]:nth-child(1) > td:nth-child(3) > a > img[src$=\"stock_edit.png\"]","#table_id > tbody > [role=\"row\"]:nth-child(1) > td:nth-child(4) > a > img[src$=\"Delete-icon.png\"]","#table_id > tbody > [role=\"row\"]:nth-child(2) > td:nth-child(3) > a > img[src$=\"stock_edit.png\"]","#table_id > tbody > [role=\"row\"]:nth-child(2) > td:nth-child(4) > a > img[src$=\"Delete-icon.png\"]","#table_id > tbody > [role=\"row\"]:nth-child(3) > td:nth-child(3) > a > img[src$=\"stock_edit.png\"]","#table_id > tbody > [role=\"row\"]:nth-child(3) > td:nth-child(4) > a > img[src$=\"Delete-icon.png\"]","td > iframe[src$=\"frameLeft.jsp\"]"],"Help":"Images must have alternate text","impact":"critical","description":"Ensures <img> elements have alternate text or a role of none or presentation","helpUrl":"https:\/\/dequeuniversity.com\/rules\/axe\/2.6\/image-alt?application=axeAPI","html":"<img src=\\images\\\/interact.png\\ width=\\20\\ height=\\20\\ align=\\left\\>\n\n<img src=\\images\\\/document_add_24.png\\ width=\\20\\ height=\\15\\ border=\\0\\>\n\n<img src=\\images\\\/interact.png\\ width=\\20\\ height=\\20\\ align=\\left\\>\n\n<img src=\\images\\\/document_add_24.png\\ width=\\20\\ height=\\15\\ border=\\0\\>\n\n<img src=\\images\\\/stock_edit.png\\ width=\\20\\ height=\\20\\ border=\\0\\>\n\n<img src=\\images\\\/Delete-icon.png\\ width=\\20\\ height=\\20\\ border=\\0\\>\n\n<img src=\\images\\\/stock_edit.png\\ width=\\20\\ height=\\20\\ border=\\0\\>\n\n<img src=\\images\\\/Delete-icon.png\\ width=\\20\\ height=\\20\\ border=\\0\\>\n\n<img src=\\images\\\/stock_edit.png\\ width=\\20\\ height=\\20\\ border=\\0\\>\n\n<img src=\\images\\\/Delete-icon.png\\ width=\\20\\ height=\\20\\ border=\\0\\>\n\n<img src=\\images\\\/document_add_24.png\\ width=\\20\\ height=\\15\\ border=\\0\\>","id":"image-alt","message":"--> Element does not have an alt attribute\n--> aria-label attribute does not exist or is empty\n--> aria-labelledby attribute does not exist, references elements that do not exist or references elements that are empty or not visible\n--> Element has no title attribute or the title attribute is empty\n--> Element's default semantics were not overridden with role=presentation\n--> Element's default semantics were not overridden with role=none","DisabilityType":["visual impairments & hearing impairments"],"Guidelines":["cat.text-alternatives","wcag2a","wcag111","section508","section508.22.a"]},{"Target":["html","td > iframe[src$=\"frameLeft.jsp\"]"],"Help":"Page must contain one main landmark.","impact":"moderate","description":"Ensures a navigation point to the primary content of the page. If the page contains iframes, each iframe should contain either no main landmarks or just one.","helpUrl":"https:\/\/dequeuniversity.com\/rules\/axe\/2.6\/landmark-one-main?application=axeAPI","html":"<html>\n\n<html>","id":"landmark-one-main","DisabilityType":[],"Guidelines":["best-practice"]},{"Target":["#table_id_wrapper > .dataTables_scroll > .dataTables_scrollHead > .dataTables_scrollHeadInner > [role=\"grid\"] > thead > [role=\"row\"] > th:nth-child(1) > h3 > a[href$=\"viewProjects.action\"]","#table_id > thead > [role=\"row\"] > th:nth-child(1) > .dataTables_sizing > h3 > a[href$=\"viewProjects.action\"]","#table_id > tbody > [role=\"row\"]:nth-child(1) > td:nth-child(3) > a.edit","#table_id > tbody > [role=\"row\"]:nth-child(1) > td:nth-child(4) > a.edit","#table_id > tbody > [role=\"row\"]:nth-child(2) > td:nth-child(3) > a.edit","#table_id > tbody > [role=\"row\"]:nth-child(2) > td:nth-child(4) > a.edit","#table_id > tbody > [role=\"row\"]:nth-child(3) > td:nth-child(3) > a.edit","#table_id > tbody > [role=\"row\"]:nth-child(3) > td:nth-child(4) > a.edit"],"Help":"Links must have discernible text","impact":"serious","description":"Ensures links have discernible text","helpUrl":"https:\/\/dequeuniversity.com\/rules\/axe\/2.6\/link-name?application=axeAPI","html":"<a href=\\viewProjects.action\\ target=\\_top\\><img src=\\images\\\/interact.png\\ width=\\20\\ height=\\20\\ align=\\left\\><\\\/a>\n\n<a href=\\viewProjects.action\\ target=\\_top\\><img src=\\images\\\/interact.png\\ width=\\20\\ height=\\20\\ align=\\left\\><\\\/a>\n\n<a class=\\edit\\ href=\\editProject.action?sysID=3&amp;deptID=2\\ target=\\_top\\><img src=\\images\\\/stock_edit.png\\ width=\\20\\ height=\\20\\ border=\\0\\><\\\/a>\n\n<a class=\\edit\\ href=\\deleteProject.action?sysID=3&amp;deptID=2\\ onclick=\\return confirm('Are you sure you want to delete?')\\ target=\\_top\\><img src=\\images\\\/Delete-icon.png\\ width=\\20\\ height=\\20\\ border=\\0\\><\\\/a>\n\n<a class=\\edit\\ href=\\editProject.action?sysID=1&amp;deptID=1\\ target=\\_top\\><img src=\\images\\\/stock_edit.png\\ width=\\20\\ height=\\20\\ border=\\0\\><\\\/a>\n\n<a class=\\edit\\ href=\\deleteProject.action?sysID=1&amp;deptID=1\\ onclick=\\return confirm('Are you sure you want to delete?')\\ target=\\_top\\><img src=\\images\\\/Delete-icon.png\\ width=\\20\\ height=\\20\\ border=\\0\\><\\\/a>\n\n<a class=\\edit\\ href=\\editProject.action?sysID=4&amp;deptID=1\\ target=\\_top\\><img src=\\images\\\/stock_edit.png\\ width=\\20\\ height=\\20\\ border=\\0\\><\\\/a>\n\n<a class=\\edit\\ href=\\deleteProject.action?sysID=4&amp;deptID=1\\ onclick=\\return confirm('Are you sure you want to delete?')\\ target=\\_top\\><img src=\\images\\\/Delete-icon.png\\ width=\\20\\ height=\\20\\ border=\\0\\><\\\/a>","id":"link-name","message":"--> Element is in tab order and does not have accessible text\n--> Element does not have text that is visible to screen readers\n--> aria-label attribute does not exist or is empty\n--> aria-labelledby attribute does not exist, references elements that do not exist or references elements that are empty or not visible\n--> Element's default semantics were not overridden with role=presentation\n--> Element's default semantics were not overridden with role=none","DisabilityType":["Visual impairments & Cognitive limitations","Physical, Hearing & Cognitive impairments","visual impairments & hearing impairments"],"Guidelines":["cat.name-role-value","wcag2a","wcag111","wcag412","wcag244","section508","section508.22.a"]},{"Target":["td > iframe[src$=\"frameLeft.jsp\"]"],"Help":"Ensures that lists are structured correctly","impact":"serious","description":"Ensures <li> elements are used semantically","helpUrl":"https:\/\/dequeuniversity.com\/rules\/axe\/2.6\/listitem?application=axeAPI","html":"<li class=\\green\\><a href=\\addNewLink.action\\ target=\\_top\\ class=\\footerItem\\><img src=\\images\\\/document_add_24.png\\ width=\\20\\ height=\\15\\ border=\\0\\>Add New Link<\\\/a>\\n\\t\\t<\\\/li>","id":"listitem","DisabilityType":["visual impairments & hearing impairments"],"Guidelines":["cat.structure","wcag2a","wcag131"]},{"pagename":"T04_ClickProjects"}]]