{"rules":[{"render-blocking-resources":{"urlcount":1,"description":"Consider lazy-loading offscreen and hidden images after all critical resources have finished loading to lower time to interactive.","id":"render-blocking-resources","url":["http:\/\/demo.testfire.net\/style.css"]}},{"unminified-css":{"urlcount":0,"description":"Resources are blocking the first paint of your page. Consider delivering critical JS\/CSS inline and deferring all non-critical JS\/styles.","id":"unminified-css","url":"No URL found"}},{"unminified-javascript":{"urlcount":0,"description":"Minifying JavaScript files can reduce payload sizes and script parse time.","id":"unminified-javascript","url":"No URL found"}},{"unused-css-rules":{"urlcount":0,"description":"Remove unused rules from stylesheets to reduce unnecessary bytes consumed by network activity.","id":"unused-css-rules","url":"No URL found"}},{"uses-text-compression":{"urlcount":1,"description":"Text-based resources should be served with compression (gzip, deflate or brotli) to minimize total network bytes.","id":"uses-text-compression","url":["http:\/\/demo.testfire.net\/"]}},{"redirects":{"urlcount":0,"description":"Redirects introduce additional delays before the page can be loaded.","id":"redirects","url":"No URL found"}},{"uses-optimized-images":{"urlcount":1,"description":"Optimized images load faster and consume less cellular data.","id":"uses-optimized-images","url":["http:\/\/demo.testfire.net\/images\/header_pic.jpg"]}}]}