[{"DOMLoadingtoComplete":"10602","img":0,"css":0,"other":0,"DOMLoadingtoLoaded":"2331","ClientonLoadTime":"12951","PageSize":620,"nwrequest":1,"link":0,"onLoadTime":"13371","CacheLookup":"0","onLoadExecuteTime":"104","PageName":"https:\/\/www.tacobell.com\/","video":0,"DNSLookup":"0","RedirectTime":"0","Build":"build","ResponseTransmitTime":"16","unLoadTime":"0","InitialConnection":"360","iframe":0,"ConnectTime":"360","TestAgent":"EC2AMAZ-2EP02SR","TimeToFirstByte":"44","ClientTotalTime":"13055","DomComplete":"12937","TotalLoadTime":"13475","TCPConnect":"358","xmlhttprequest":1,"Date\/Time":"06\/06\/19 08:27:44.976","RequestSubmit":"44","ServerTime":"60","script":0,"TestURL":"https:\/\/www.tacobell.com\/","DownloadTime":"16","runtype":"withoutcache","Environment":"sample","FirstImpression":"-1559824044884","TotalServerTime":"60","Browser":"Chrome-73.0.3683.103","DOMLoadingtoInteractive":"2329"},{"DOMLoadingtoComplete":"3190","img":0,"css":0,"other":0,"DOMLoadingtoLoaded":"659","ClientonLoadTime":"3921","PageSize":620,"nwrequest":1,"link":0,"onLoadTime":"4164","CacheLookup":"0","onLoadExecuteTime":"24","PageName":"https:\/\/www.tacobell.com\/","video":0,"DNSLookup":"0","RedirectTime":"0","Build":"build","ResponseTransmitTime":"45","unLoadTime":"2","InitialConnection":"137","iframe":0,"ConnectTime":"115","TestAgent":"EC2AMAZ-2EP02SR","TimeToFirstByte":"61","ClientTotalTime":"3945","DomComplete":"3850","TotalLoadTime":"4188","TCPConnect":"112","xmlhttprequest":1,"Date\/Time":"06\/06\/19 08:27:59.968","RequestSubmit":"61","ServerTime":"106","script":0,"TestURL":"https:\/\/www.tacobell.com\/","DownloadTime":"45","runtype":"withcache","Environment":"sample","FirstImpression":"-1559824070156","TotalServerTime":"106","Browser":"Chrome-73.0.3683.103","DOMLoadingtoInteractive":"659"}]