[{"DOMLoadingtoComplete":"11072","img":0,"css":0,"other":0,"DOMLoadingtoLoaded":"2320","ClientonLoadTime":"","PageSize":620,"nwrequest":1,"link":0,"onLoadTime":"","CacheLookup":"","onLoadExecuteTime":"","PageName":"https:\/\/www.tacobell.com\/","video":0,"DNSLookup":"","RedirectTime":"","Build":"build","ResponseTransmitTime":"","unLoadTime":"","InitialConnection":"336","iframe":0,"ConnectTime":"","TestAgent":"EC2AMAZ-2EP02SR","TimeToFirstByte":"143","ClientTotalTime":"","DomComplete":"","TotalLoadTime":"13938","TCPConnect":"","xmlhttprequest":1,"Date\/Time":"06\/06\/19 08:26:30.937","RequestSubmit":"","ServerTime":"","script":0,"TestURL":"https:\/\/www.tacobell.com\/","DownloadTime":"2","runtype":"withoutcache","Environment":"sample","FirstImpression":"","TotalServerTime":"","Browser":"Chrome-73.0.3683.103","DOMLoadingtoInteractive":"2243"},{"DOMLoadingtoComplete":"3486","img":0,"css":0,"other":0,"DOMLoadingtoLoaded":"760","ClientonLoadTime":"","PageSize":620,"nwrequest":1,"link":0,"onLoadTime":"","CacheLookup":"","onLoadExecuteTime":"","PageName":"https:\/\/www.tacobell.com\/","video":0,"DNSLookup":"","RedirectTime":"","Build":"build","ResponseTransmitTime":"","unLoadTime":"","InitialConnection":"92","iframe":0,"ConnectTime":"","TestAgent":"EC2AMAZ-2EP02SR","TimeToFirstByte":"190","ClientTotalTime":"","DomComplete":"","TotalLoadTime":"4785","TCPConnect":"","xmlhttprequest":1,"Date\/Time":"06\/06\/19 08:26:46.964","RequestSubmit":"","ServerTime":"","script":0,"TestURL":"https:\/\/www.tacobell.com\/","DownloadTime":"69","runtype":"withcache","Environment":"sample","FirstImpression":"","TotalServerTime":"","Browser":"Chrome-73.0.3683.103","DOMLoadingtoInteractive":"759"}]