[[{"Target":["#mainNavPanel > .header-main-nav-area > nav > ul > li:nth-child(1) > button"],"Help":"id attribute value must be unique","impact":"moderate","description":"Ensures every id attribute value is unique","helpUrl":"https:\/\/dequeuniversity.com\/rules\/axe\/2.6\/duplicate-id?application=axeAPI","html":"<button id=\\mainNavTrigger\\ data-parent=\\parent\\ aria-expanded=\\false\\ class=\\main-nav-type-link header-links adj-link-primary adj-link-primary-has-icon\\>","id":"duplicate-id","message":"--> Document has multiple elements with the same id attribute: hidden-content\n--> Document has multiple elements with the same id attribute: back\n--> Document has multiple elements with the same id attribute: Page-1\n--> Document has multiple elements with the same id attribute: Shape \n--> Document has multiple elements with the same id attribute: videoCode_odd\n--> Document has multiple elements with the same id attribute: segments-we-serve\n--> Document has multiple elements with the same id attribute: bluepage\n--> Document has multiple elements with the same id attribute: OLT\n--> Document has multiple elements with the same id attribute: callout\n--> Document has multiple elements with the same id attribute: segments\n--> Document has multiple elements with the same id attribute: callout-tab\n--> Document has multiple elements with the same id attribute: videoCode","DisabilityType":["Visual Imapirments"],"Guidelines":["cat.parsing","wcag2a","wcag411"]},{"Target":["#headerLogoContainer > a[name=\"https\\:\\\/\\\/www\\.humana\\.com\\\/2\"]"],"Help":"Links must have discernible text","impact":"serious","description":"Ensures links have discernible text","helpUrl":"https:\/\/dequeuniversity.com\/rules\/axe\/2.6\/link-name?application=axeAPI","html":"<a href=\\\\\/\\ class=\\header-logo-link\\ name=\\https:\\\/\\\/www.humana.com\\\/2\\><div class=\\header-logo\\><\\\/div><\\\/a>","id":"link-name","message":"--> Element is in tab order and does not have accessible text\n--> Element does not have text that is visible to screen readers\n--> aria-label attribute does not exist or is empty\n--> aria-labelledby attribute does not exist, references elements that do not exist or references elements that are empty or not visible\n--> Element's default semantics were not overridden with role=presentation\n--> Element's default semantics were not overridden with role=none","DisabilityType":["Visual impairments & Cognitive limitations","Physical, Hearing & Cognitive impairments","visual impairments & hearing impairments"],"Guidelines":["cat.name-role-value","wcag2a","wcag111","wcag412","wcag244","section508","section508.22.a"]},{"pagename":"https:\/\/www.humana.com\/"}]]