[{"startedDateTime":"2018-10-22T12:08:48.477Z","receive":0,"wait":0,"method":"GET","dns":0,"mimeType":null,"ssl":0,"url":"https:\/\/www.cognizant.com\/","size":242029,"blocked":0,"send":0,"connect":0,"pageref":"https:\/\/www.cognizant.com\/","status":200},{"startedDateTime":"2018-10-22T12:08:48.586Z","receive":0,"wait":0,"method":"GET","dns":0,"mimeType":null,"ssl":0,"url":"https:\/\/www.cognizant.com\/etc\/designs\/cognizant_foundation_dotcom\/foundation_clientlibs_dotcom\/js\/vendor.js","size":771757,"blocked":0,"send":0,"connect":0,"pageref":"https:\/\/www.cognizant.com\/","status":200},{"startedDateTime":"2018-10-22T12:08:48.704Z","receive":0,"wait":0,"method":"GET","dns":0,"mimeType":null,"ssl":0,"url":"https:\/\/www.cognizant.com\/etc\/designs\/cognizant_foundation_dotcom\/foundation_clientlibs_dotcom.min.798c9aa4e0d854b3505f18cec4f0cbf8.css","size":635845,"blocked":0,"send":0,"connect":0,"pageref":"https:\/\/www.cognizant.com\/","status":200},{"startedDateTime":"2018-10-22T12:08:48.713Z","receive":0,"wait":0,"method":"GET","dns":0,"mimeType":null,"ssl":0,"url":"https:\/\/www.cognizant.com\/etc\/designs\/cognizant_foundation_dotcom\/AI_clientlibs\/css\/rfs.css","size":3198,"blocked":0,"send":0,"connect":0,"pageref":"https:\/\/www.cognizant.com\/","status":200},{"startedDateTime":"2018-10-22T12:08:48.770Z","receive":0,"wait":0,"method":"GET","dns":0,"mimeType":null,"ssl":0,"url":"https:\/\/www.cognizant.com\/etc\/designs\/cognizant_foundation_dotcom\/rte_clientlibs.min.c3463a0945be1be69270d93aa389b7d1.css","size":3584,"blocked":0,"send":0,"connect":0,"pageref":"https:\/\/www.cognizant.com\/","status":200},{"startedDateTime":"2018-10-22T12:08:48.772Z","receive":0,"wait":0,"method":"GET","dns":0,"mimeType":null,"ssl":0,"url":"https:\/\/www.cognizant.com\/etc\/designs\/cognizant_foundation\/rte_clientlibs.min.04b0ae6ed440f484fc3ef0c4e00486ee.css","size":3117,"blocked":0,"send":0,"connect":0,"pageref":"https:\/\/www.cognizant.com\/","status":200},{"startedDateTime":"2018-10-22T12:08:48.784Z","receive":0,"wait":0,"method":"GET","dns":0,"mimeType":null,"ssl":0,"url":"https:\/\/www.cognizant.com\/content\/dam\/cognizant_foundation\/Dotcomimage\/COG-Logo-Digital-Business-White.svg","size":9757,"blocked":0,"send":0,"connect":0,"pageref":"https:\/\/www.cognizant.com\/","status":200},{"startedDateTime":"2018-10-22T12:08:48.824Z","receive":0,"wait":0,"method":"GET","dns":0,"mimeType":null,"ssl":0,"url":"https:\/\/www.cognizant.com\/content\/dam\/cognizant_foundation\/images\/CBC_360x100_navIMAGE.jpg","size":11979,"blocked":0,"send":0,"connect":0,"pageref":"https:\/\/www.cognizant.com\/","status":200},{"startedDateTime":"2018-10-22T12:08:48.915Z","receive":0,"wait":0,"method":"GET","dns":0,"mimeType":null,"ssl":0,"url":"https:\/\/www.cognizant.com\/etc\/designs\/cognizant_foundation_dotcom\/searchClientlibs.min.4c7046b35a8a7caee2de8c596d75801f.js","size":2011,"blocked":0,"send":0,"connect":0,"pageref":"https:\/\/www.cognizant.com\/","status":200},{"startedDateTime":"2018-10-22T12:08:48.922Z","receive":0,"wait":0,"method":"GET","dns":0,"mimeType":null,"ssl":0,"url":"https:\/\/www.cognizant.com\/etc\/designs\/cognizant_foundation_dotcom\/rte_clientlibs.min.6cd36e5efd63b1ac5571b7f8f9a7f5bc.js","size":25199,"blocked":0,"send":0,"connect":0,"pageref":"https:\/\/www.cognizant.com\/","status":200},{"startedDateTime":"2018-10-22T12:08:48.951Z","receive":0,"wait":0,"method":"GET","dns":0,"mimeType":null,"ssl":0,"url":"https:\/\/www.cognizant.com\/etc\/designs\/cognizant_foundation_dotcom\/news.min.918414fc0f2181fd784bc6d28964be7d.js","size":960,"blocked":0,"send":0,"connect":0,"pageref":"https:\/\/www.cognizant.com\/","status":200},{"startedDateTime":"2018-10-22T12:08:48.954Z","receive":0,"wait":0,"method":"GET","dns":0,"mimeType":null,"ssl":0,"url":"https:\/\/www.cognizant.com\/etc\/designs\/cognizant_foundation\/rte_clientlibs.min.90b275b182c618493cc3bcb78b688569.js","size":17391,"blocked":0,"send":0,"connect":0,"pageref":"https:\/\/www.cognizant.com\/","status":200},{"startedDateTime":"2018-10-22T12:08:48.977Z","receive":0,"wait":0,"method":"GET","dns":0,"mimeType":null,"ssl":0,"url":"https:\/\/www.cognizant.com\/etc\/designs\/cognizant_foundation_dotcom\/followUS_clientlibs.min.13b1ea2abc795bfb84bfa27a802aa6f1.js","size":22706,"blocked":0,"send":0,"connect":0,"pageref":"https:\/\/www.cognizant.com\/","status":200},{"startedDateTime":"2018-10-22T12:08:48.978Z","receive":0,"wait":0,"method":"GET","dns":0,"mimeType":null,"ssl":0,"url":"https:\/\/www.cognizant.com\/etc\/designs\/cognizant_foundation_dotcom\/share_clientlibs.min.f3aca427a408d595007b4dd63b57d096.js","size":800,"blocked":0,"send":0,"connect":0,"pageref":"https:\/\/www.cognizant.com\/","status":200},{"startedDateTime":"2018-10-22T12:08:48.999Z","receive":0,"wait":0,"method":"GET","dns":0,"mimeType":null,"ssl":0,"url":"https:\/\/www.cognizant.com\/etc\/designs\/cognizant_foundation_dotcom\/article_details.min.4f9f49dd415027a892a77b549c5af5a9.js","size":18892,"blocked":0,"send":0,"connect":0,"pageref":"https:\/\/www.cognizant.com\/","status":200},{"startedDateTime":"2018-10-22T12:08:48.999Z","receive":0,"wait":0,"method":"GET","dns":0,"mimeType":null,"ssl":0,"url":"https:\/\/www.cognizant.com\/etc\/designs\/cognizant_foundation_dotcom\/continue_conversation_clientlibs.min.feb27396ddf0d46727d1b2beef167d83.js","size":23917,"blocked":0,"send":0,"connect":0,"pageref":"https:\/\/www.cognizant.com\/","status":200},{"startedDateTime":"2018-10-22T12:08:49.018Z","receive":0,"wait":0,"method":"GET","dns":0,"mimeType":null,"ssl":0,"url":"https:\/\/www.cognizant.com\/etc\/designs\/cognizant_foundation_dotcom\/captcha_clientlibs.min.337d94252849719cdf1704832870a9ee.js","size":14684,"blocked":0,"send":0,"connect":0,"pageref":"https:\/\/www.cognizant.com\/","status":200},{"startedDateTime":"2018-10-22T12:08:49.037Z","receive":0,"wait":0,"method":"GET","dns":0,"mimeType":null,"ssl":0,"url":"https:\/\/www.cognizant.com\/etc\/designs\/cognizant_foundation_dotcom\/foundation_clientlibs_dotcom.min.d938f86f6c913428edbddd4daeb770d6.js","size":119031,"blocked":0,"send":0,"connect":0,"pageref":"https:\/\/www.cognizant.com\/","status":200},{"startedDateTime":"2018-10-22T12:08:49.307Z","receive":0,"wait":0,"method":"GET","dns":0,"mimeType":null,"ssl":0,"url":"https:\/\/assets.adobedtm.com\/fde5e5ad80d46dc140da7d35f15534f50b15b3c2\/satelliteLib-218cf82fdd545df6a2e67d9f332da08292afa4bf.js","size":353751,"blocked":0,"send":0,"connect":0,"pageref":"https:\/\/www.cognizant.com\/","status":200},{"startedDateTime":"2018-10-22T12:08:49.471Z","receive":0,"wait":0,"method":"GET","dns":0,"mimeType":null,"ssl":0,"url":"https:\/\/maps.googleapis.com\/maps\/api\/js?key=AIzaSyD3oz6jB8_BMk2LEVXuwYigTdOW2p9mssI&sensor=false","size":100446,"blocked":0,"send":0,"connect":0,"pageref":"https:\/\/www.cognizant.com\/","status":200},{"startedDateTime":"2018-10-22T12:08:49.482Z","receive":0,"wait":0,"method":"GET","dns":0,"mimeType":null,"ssl":0,"url":"https:\/\/assets.adobedtm.com\/fde5e5ad80d46dc140da7d35f15534f50b15b3c2\/mbox-contents-4885b9fc9634e5cebc82e62754501260a1614fa6.js","size":40968,"blocked":0,"send":0,"connect":0,"pageref":"https:\/\/www.cognizant.com\/","status":200},{"startedDateTime":"2018-10-22T12:08:49.751Z","receive":0,"wait":0,"method":"GET","dns":0,"mimeType":null,"ssl":0,"url":"https:\/\/scripts.demandbase.com\/adobeanalytics\/MWk346PU.min.js","size":4884,"blocked":0,"send":0,"connect":0,"pageref":"https:\/\/www.cognizant.com\/","status":200},{"startedDateTime":"2018-10-22T12:08:49.772Z","receive":0,"wait":0,"method":"GET","dns":0,"mimeType":null,"ssl":0,"url":"https:\/\/www.cognizant.com\/content\/dam\/cognizant_foundation\/Dotcomimage\/COG-Logo-Digital-Operations-White.svg","size":7750,"blocked":0,"send":0,"connect":0,"pageref":"https:\/\/www.cognizant.com\/","status":200},{"startedDateTime":"2018-10-22T12:08:49.810Z","receive":0,"wait":0,"method":"GET","dns":0,"mimeType":null,"ssl":0,"url":"https:\/\/www.cognizant.com\/content\/dam\/cognizant_foundation\/Dotcomimage\/COG-Logo-Digital-Systems-Technologies-White.svg","size":10654,"blocked":0,"send":0,"connect":0,"pageref":"https:\/\/www.cognizant.com\/","status":200},{"startedDateTime":"2018-10-22T12:08:49.838Z","receive":0,"wait":0,"method":"GET","dns":0,"mimeType":null,"ssl":0,"url":"https:\/\/www.cognizant.com\/content\/dam\/cognizant_foundation\/images\/app-store-logo.png","size":3127,"blocked":0,"send":0,"connect":0,"pageref":"https:\/\/www.cognizant.com\/","status":200},{"startedDateTime":"2018-10-22T12:08:49.859Z","receive":0,"wait":0,"method":"GET","dns":0,"mimeType":null,"ssl":0,"url":"https:\/\/www.cognizant.com\/content\/dam\/cognizant_foundation\/images\/9DB3D190FD6DC8155EEDBCDEB4942128BE6B.png","size":4879,"blocked":0,"send":0,"connect":0,"pageref":"https:\/\/www.cognizant.com\/","status":200},{"startedDateTime":"2018-10-22T12:08:49.881Z","receive":0,"wait":0,"method":"GET","dns":0,"mimeType":null,"ssl":0,"url":"https:\/\/www.cognizant.com\/content\/dam\/cognizant_foundation\/images\/country-home-world-icon.png","size":396,"blocked":0,"send":0,"connect":0,"pageref":"https:\/\/www.cognizant.com\/","status":200},{"startedDateTime":"2018-10-22T12:08:49.898Z","receive":0,"wait":0,"method":"GET","dns":0,"mimeType":null,"ssl":0,"url":"https:\/\/www.cognizant.com\/content\/dam\/cognizant_foundation\/Dotcomimage\/COG-Logo-White.svg","size":2654,"blocked":0,"send":0,"connect":0,"pageref":"https:\/\/www.cognizant.com\/","status":200},{"startedDateTime":"2018-10-22T12:08:49.930Z","receive":0,"wait":0,"method":"GET","dns":0,"mimeType":null,"ssl":0,"url":"https:\/\/www.cognizant.com\/content\/dam\/cognizant_foundation\/Dotcomimage\/digital-engineering-cog-softvision.jpg","size":19679,"blocked":0,"send":0,"connect":0,"pageref":"https:\/\/www.cognizant.com\/","status":200},{"startedDateTime":"2018-10-22T12:08:49.956Z","receive":0,"wait":0,"method":"GET","dns":0,"mimeType":null,"ssl":0,"url":"https:\/\/www.cognizant.com\/content\/dam\/cognizant_foundation\/Dotcomimage\/forrester-report-hp-blurb.svg","size":8840,"blocked":0,"send":0,"connect":0,"pageref":"https:\/\/www.cognizant.com\/","status":200},{"startedDateTime":"2018-10-22T12:08:49.978Z","receive":0,"wait":0,"method":"GET","dns":0,"mimeType":null,"ssl":0,"url":"https:\/\/www.cognizant.com\/content\/dam\/cognizant_foundation\/Dotcomimage\/interactive-blurb-hp.jpg","size":24846,"blocked":0,"send":0,"connect":0,"pageref":"https:\/\/www.cognizant.com\/","status":200},{"startedDateTime":"2018-10-22T12:08:50.008Z","receive":0,"wait":0,"method":"GET","dns":0,"mimeType":null,"ssl":0,"url":"https:\/\/www.cognizant.com\/content\/dam\/cognizant_foundation\/Dotcomimage\/intelligent-process-automation-blurb-hp.jpg","size":11931,"blocked":0,"send":0,"connect":0,"pageref":"https:\/\/www.cognizant.com\/","status":200},{"startedDateTime":"2018-10-22T12:08:50.009Z","receive":0,"wait":0,"method":"GET","dns":0,"mimeType":null,"ssl":0,"url":"https:\/\/cdn.tt.omtrdc.net\/cdn\/target.js","size":43582,"blocked":0,"send":0,"connect":0,"pageref":"https:\/\/www.cognizant.com\/","status":200},{"startedDateTime":"2018-10-22T12:08:50.032Z","receive":0,"wait":0,"method":"GET","dns":0,"mimeType":null,"ssl":0,"url":"https:\/\/www.cognizant.com\/content\/dam\/cognizant_foundation\/Dotcomimage\/digital-engineering-blurb-hp.jpg","size":15979,"blocked":0,"send":0,"connect":0,"pageref":"https:\/\/www.cognizant.com\/","status":200},{"startedDateTime":"2018-10-22T12:08:50.062Z","receive":0,"wait":0,"method":"GET","dns":0,"mimeType":null,"ssl":0,"url":"https:\/\/www.cognizant.com\/content\/dam\/cognizant_foundation\/Dotcomimage\/industry-platform-solutions-blurb-hp.jpg","size":20005,"blocked":0,"send":0,"connect":0,"pageref":"https:\/\/www.cognizant.com\/","status":200},{"startedDateTime":"2018-10-22T12:08:50.088Z","receive":0,"wait":0,"method":"GET","dns":0,"mimeType":null,"ssl":0,"url":"https:\/\/www.cognizant.com\/content\/dam\/cognizant_foundation\/Dotcomimage\/core-modernization-blurb-hp.jpg","size":21702,"blocked":0,"send":0,"connect":0,"pageref":"https:\/\/www.cognizant.com\/","status":200},{"startedDateTime":"2018-10-22T12:08:50.121Z","receive":0,"wait":0,"method":"GET","dns":0,"mimeType":null,"ssl":0,"url":"https:\/\/www.cognizant.com\/content\/dam\/cognizant_foundation\/Dotcomimage\/cloud-enablement-blurb-hp.jpg","size":6444,"blocked":0,"send":0,"connect":0,"pageref":"https:\/\/www.cognizant.com\/","status":200},{"startedDateTime":"2018-10-22T12:08:50.146Z","receive":0,"wait":0,"method":"GET","dns":0,"mimeType":null,"ssl":0,"url":"https:\/\/www.cognizant.com\/content\/dam\/cognizant_foundation\/Dotcomimage\/ai-analytics-blurb-hp.jpg","size":27211,"blocked":0,"send":0,"connect":0,"pageref":"https:\/\/www.cognizant.com\/","status":200},{"startedDateTime":"2018-10-22T12:08:50.187Z","receive":0,"wait":0,"method":"GET","dns":0,"mimeType":null,"ssl":0,"url":"https:\/\/www.cognizant.com\/content\/dam\/cognizant_foundation\/images\/videoheader\/static-versions\/six-ways-to-be-digital-banking.jpg","size":79801,"blocked":0,"send":0,"connect":0,"pageref":"https:\/\/www.cognizant.com\/","status":200},{"startedDateTime":"2018-10-22T12:08:50.236Z","receive":0,"wait":0,"method":"GET","dns":0,"mimeType":null,"ssl":0,"url":"https:\/\/www.cognizant.com\/content\/dam\/cognizant_foundation\/images\/CFoW-logo-full-dark.svg","size":12847,"blocked":0,"send":0,"connect":0,"pageref":"https:\/\/www.cognizant.com\/","status":200},{"startedDateTime":"2018-10-22T12:08:50.265Z","receive":0,"wait":0,"method":"GET","dns":0,"mimeType":null,"ssl":0,"url":"https:\/\/www.cognizant.com\/content\/dam\/cognizant_foundation\/Dotcomimage\/digital-perspectives-app-banner-hp.png","size":296153,"blocked":0,"send":0,"connect":0,"pageref":"https:\/\/www.cognizant.com\/","status":200},{"startedDateTime":"2018-10-22T12:08:50.362Z","receive":0,"wait":0,"method":"GET","dns":0,"mimeType":null,"ssl":0,"url":"https:\/\/www.cognizant.com\/content\/dam\/cognizant_foundation\/images\/loading.gif","size":11228,"blocked":0,"send":0,"connect":0,"pageref":"https:\/\/www.cognizant.com\/","status":200},{"startedDateTime":"2018-10-22T12:08:50.644Z","receive":0,"wait":0,"method":"GET","dns":0,"mimeType":null,"ssl":0,"url":"https:\/\/consent.truste.com\/notice?domain=cognizant.com&c=teconsent&js=bb&noticeType=bb&cookieLink=https:\/\/www.cognizant.com\/cookiepolicy&gtm=1","size":1208,"blocked":0,"send":0,"connect":0,"pageref":"https:\/\/www.cognizant.com\/","status":200},{"startedDateTime":"2018-10-22T12:08:50.659Z","receive":0,"wait":0,"method":"GET","dns":0,"mimeType":null,"ssl":0,"url":"https:\/\/api.demandbase.com\/api\/v2\/ip.json?key=adb902310b1d80413eac596ae135bbe4&callback=Dmdbase_CDC.callback","size":1183,"blocked":0,"send":0,"connect":0,"pageref":"https:\/\/www.cognizant.com\/","status":200},{"startedDateTime":"2018-10-22T12:08:50.885Z","receive":0,"wait":0,"method":"GET","dns":0,"mimeType":null,"ssl":0,"url":"https:\/\/assets.adobedtm.com\/fde5e5ad80d46dc140da7d35f15534f50b15b3c2\/scripts\/satellite-5b72acf664746d01890026a0.js","size":591,"blocked":0,"send":0,"connect":0,"pageref":"https:\/\/www.cognizant.com\/","status":200},{"startedDateTime":"2018-10-22T12:08:50.933Z","receive":0,"wait":0,"method":"GET","dns":0,"mimeType":null,"ssl":0,"url":"https:\/\/www.cognizant.com\/content\/dam\/cognizant_foundation\/fonts\/proximanova-regular-webfont.woff2","size":20608,"blocked":0,"send":0,"connect":0,"pageref":"https:\/\/www.cognizant.com\/","status":200},{"startedDateTime":"2018-10-22T12:08:50.935Z","receive":0,"wait":0,"method":"GET","dns":0,"mimeType":null,"ssl":0,"url":"https:\/\/www.cognizant.com\/content\/dam\/cognizant_foundation\/fonts\/proximanova-bold-webfont.woff2","size":20492,"blocked":0,"send":0,"connect":0,"pageref":"https:\/\/www.cognizant.com\/","status":200},{"startedDateTime":"2018-10-22T12:08:50.936Z","receive":0,"wait":0,"method":"GET","dns":0,"mimeType":null,"ssl":0,"url":"https:\/\/www.cognizant.com\/content\/dam\/cognizant_foundation\/fonts\/Cognizant-Icons.ttf","size":44536,"blocked":0,"send":0,"connect":0,"pageref":"https:\/\/www.cognizant.com\/","status":200},{"startedDateTime":"2018-10-22T12:08:51.214Z","receive":0,"wait":0,"method":"GET","dns":0,"mimeType":null,"ssl":0,"url":"https:\/\/dpm.demdex.net\/id?d_visid_ver=1.5.2&d_rtbd=json&d_ver=2&d_verify=1&d_orgid=00FD3942552521970A4C98A4%40AdobeOrg&d_nsid=0&d_cb=s_c_il%5B0%5D._setMarketingCloudFields","size":0,"blocked":0,"send":0,"connect":0,"pageref":"https:\/\/www.cognizant.com\/","status":302},{"startedDateTime":"2018-10-22T12:08:51.275Z","receive":0,"wait":0,"method":"GET","dns":0,"mimeType":null,"ssl":0,"url":"https:\/\/www.cognizant.com\/content\/dam\/cognizant_foundation\/Dotcomimage\/perspectives-app-banner-mobile.jpg","size":38021,"blocked":0,"send":0,"connect":0,"pageref":"https:\/\/www.cognizant.com\/","status":200},{"startedDateTime":"2018-10-22T12:08:51.302Z","receive":0,"wait":0,"method":"GET","dns":0,"mimeType":null,"ssl":0,"url":"https:\/\/dpm.demdex.net\/id?d_visid_ver=1.5.2&d_rtbd=json&d_ver=2&d_orgid=00FD3942552521970A4C98A4%40AdobeOrg&d_nsid=0&d_mid=74092947951645180713669306944764728140&d_cb=s_c_il%5B0%5D._setAudienceManagerFields","size":250,"blocked":0,"send":0,"connect":0,"pageref":"https:\/\/www.cognizant.com\/","status":200},{"startedDateTime":"2018-10-22T12:08:51.303Z","receive":0,"wait":0,"method":"GET","dns":0,"mimeType":null,"ssl":0,"url":"https:\/\/www.googletagmanager.com\/gtm.js?id=GTM-CSZ8","size":191072,"blocked":0,"send":0,"connect":0,"pageref":"https:\/\/www.cognizant.com\/","status":200},{"startedDateTime":"2018-10-22T12:08:51.314Z","receive":0,"wait":0,"method":"GET","dns":0,"mimeType":null,"ssl":0,"url":"https:\/\/insight.adsrvr.org\/track\/conv\/?adv=b1162pn&ct=0:gfehf9h&fmt=3","size":0,"blocked":0,"send":0,"connect":0,"pageref":"https:\/\/www.cognizant.com\/","status":302},{"startedDateTime":"2018-10-22T12:08:51.337Z","receive":0,"wait":0,"method":"GET","dns":0,"mimeType":null,"ssl":0,"url":"https:\/\/dpm.demdex.net\/id\/rd?d_visid_ver=1.5.2&d_rtbd=json&d_ver=2&d_verify=1&d_orgid=00FD3942552521970A4C98A4%40AdobeOrg&d_nsid=0&d_cb=s_c_il%5B0%5D._setMarketingCloudFields","size":254,"blocked":0,"send":0,"connect":0,"pageref":"https:\/\/www.cognizant.com\/","status":200},{"startedDateTime":"2018-10-22T12:08:51.356Z","receive":0,"wait":0,"method":"GET","dns":0,"mimeType":null,"ssl":0,"url":"https:\/\/www.cognizant.com\/content\/dam\/cognizant_foundation\/Dotcomimage\/video-mediaEntertainment.jpg","size":33319,"blocked":0,"send":0,"connect":0,"pageref":"https:\/\/www.cognizant.com\/","status":200},{"startedDateTime":"2018-10-22T12:08:51.453Z","receive":0,"wait":0,"method":"GET","dns":0,"mimeType":null,"ssl":0,"url":"https:\/\/cognizant.sc.omtrdc.net\/id?d_visid_ver=1.5.2&callback=s_c_il%5B0%5D._setAnalyticsFields&mcorgid=00FD3942552521970A4C98A4%40AdobeOrg&mid=74092947951645180713669306944764728140","size":68,"blocked":0,"send":0,"connect":0,"pageref":"https:\/\/www.cognizant.com\/","status":200},{"startedDateTime":"2018-10-22T12:08:51.543Z","receive":0,"wait":0,"method":"GET","dns":0,"mimeType":null,"ssl":0,"url":"https:\/\/www.cognizant.com\/content\/dam\/cognizant_foundation\/images\/videoheader\/six-ways-to-be-digital-video-banner.mp4","size":1876682,"blocked":0,"send":0,"connect":0,"pageref":"https:\/\/www.cognizant.com\/","status":206},{"startedDateTime":"2018-10-22T12:08:51.614Z","receive":0,"wait":0,"method":"POST","dns":0,"mimeType":"application\/x-www-form-urlencoded; charset=UTF-8","ssl":0,"url":"https:\/\/www.cognizant.com\/solr","size":639223,"blocked":0,"send":0,"connect":0,"pageref":"https:\/\/www.cognizant.com\/","status":200},{"startedDateTime":"2018-10-22T12:08:51.639Z","receive":0,"wait":0,"method":"GET","dns":0,"mimeType":"application\/x-www-form-urlencoded; charset=UTF-8","ssl":0,"url":"https:\/\/www.cognizant.com\/content\/dam\/cognizant_foundation\/images\/sprite-flag.png","size":5861,"blocked":0,"send":0,"connect":0,"pageref":"https:\/\/www.cognizant.com\/","status":200},{"startedDateTime":"2018-10-22T12:08:51.640Z","receive":0,"wait":0,"method":"GET","dns":0,"mimeType":"application\/x-www-form-urlencoded; charset=UTF-8","ssl":0,"url":"https:\/\/connect.facebook.net\/en_US\/fbevents.js","size":46319,"blocked":0,"send":0,"connect":0,"pageref":"https:\/\/www.cognizant.com\/","status":200},{"startedDateTime":"2018-10-22T12:08:51.716Z","receive":0,"wait":0,"method":"GET","dns":0,"mimeType":"application\/x-www-form-urlencoded; charset=UTF-8","ssl":0,"url":"https:\/\/connect.facebook.net\/signals\/config\/1099943406825891?v=2.8.30&r=stable","size":90408,"blocked":0,"send":0,"connect":0,"pageref":"https:\/\/www.cognizant.com\/","status":200},{"startedDateTime":"2018-10-22T12:08:51.992Z","receive":0,"wait":0,"method":"GET","dns":0,"mimeType":"application\/x-www-form-urlencoded; charset=UTF-8","ssl":0,"url":"https:\/\/www.cognizant.com\/content\/dam\/cognizant_foundation\/Dotcomimage\/form_bg.jpg","size":18779,"blocked":0,"send":0,"connect":0,"pageref":"https:\/\/www.cognizant.com\/","status":200},{"startedDateTime":"2018-10-22T12:08:52.076Z","receive":0,"wait":0,"method":"GET","dns":0,"mimeType":"application\/x-www-form-urlencoded; charset=UTF-8","ssl":0,"url":"https:\/\/www.cognizant.com\/content\/dam\/cognizant_foundation\/images\/hero-banner-about-new.jpg","size":64335,"blocked":0,"send":0,"connect":0,"pageref":"https:\/\/www.cognizant.com\/","status":200},{"startedDateTime":"2018-10-22T12:08:52.089Z","receive":0,"wait":0,"method":"GET","dns":0,"mimeType":"application\/x-www-form-urlencoded; charset=UTF-8","ssl":0,"url":"https:\/\/www.youtube.com\/embed\/u0wYsQsAOGw?list=PL-Okbzovwrrz1QcPB9e6Rfr94-TMnO28J&wmode=transparent&enablejsapi=1&rel=0","size":15707,"blocked":0,"send":0,"connect":0,"pageref":"https:\/\/www.cognizant.com\/","status":200},{"startedDateTime":"2018-10-22T12:08:52.093Z","receive":0,"wait":0,"method":"GET","dns":0,"mimeType":"application\/x-www-form-urlencoded; charset=UTF-8","ssl":0,"url":"https:\/\/www.cognizant.com\/content\/dam\/cognizant_foundation\/images\/headline-homePage-desktop.svg","size":26506,"blocked":0,"send":0,"connect":0,"pageref":"https:\/\/www.cognizant.com\/","status":200},{"startedDateTime":"2018-10-22T12:08:52.094Z","receive":0,"wait":0,"method":"GET","dns":0,"mimeType":"application\/x-www-form-urlencoded; charset=UTF-8","ssl":0,"url":"https:\/\/assets.adobedtm.com\/fde5e5ad80d46dc140da7d35f15534f50b15b3c2\/s-code-contents-3ccc8ade0c3aadea6570fb732171dc11a8a30a3f.js","size":74029,"blocked":0,"send":0,"connect":0,"pageref":"https:\/\/www.cognizant.com\/","status":200},{"startedDateTime":"2018-10-22T12:08:52.105Z","receive":0,"wait":0,"method":"GET","dns":0,"mimeType":"application\/x-www-form-urlencoded; charset=UTF-8","ssl":0,"url":"https:\/\/pixel.rubiconproject.com\/tap.php?v=8981&nid=2307&put=c501c46f-a06d-4226-8a23-3d89eec73b68&expires=30&next=https%3A%2F%2Fmatch.adsrvr.org%2Ftrack%2Fcmf%2Frubicon","size":0,"blocked":0,"send":0,"connect":0,"pageref":"https:\/\/www.cognizant.com\/","status":307},{"startedDateTime":"2018-10-22T12:08:52.128Z","receive":0,"wait":0,"method":"GET","dns":0,"mimeType":"application\/x-www-form-urlencoded; charset=UTF-8","ssl":0,"url":"https:\/\/www.cognizant.com\/bin\/dotcom?requestType=twitter_feeds","size":4615,"blocked":0,"send":0,"connect":0,"pageref":"https:\/\/www.cognizant.com\/","status":200},{"startedDateTime":"2018-10-22T12:08:52.253Z","receive":0,"wait":0,"method":"GET","dns":0,"mimeType":"application\/x-www-form-urlencoded; charset=UTF-8","ssl":0,"url":"https:\/\/www.cognizant.com\/content\/dam\/cognizant_foundation\/Dotcomimage\/ajax-loader.gif","size":4178,"blocked":0,"send":0,"connect":0,"pageref":"https:\/\/www.cognizant.com\/","status":200},{"startedDateTime":"2018-10-22T12:08:52.286Z","receive":0,"wait":0,"method":"GET","dns":0,"mimeType":"application\/x-www-form-urlencoded; charset=UTF-8","ssl":0,"url":"https:\/\/www.googleadservices.com\/pagead\/conversion_async.js","size":22299,"blocked":0,"send":0,"connect":0,"pageref":"https:\/\/www.cognizant.com\/","status":200},{"startedDateTime":"2018-10-22T12:08:52.625Z","receive":0,"wait":0,"method":"GET","dns":0,"mimeType":"application\/x-www-form-urlencoded; charset=UTF-8","ssl":0,"url":"https:\/\/2899686.fls.doubleclick.net\/activityi;src=2899686;type=gener0;cat=pv_ho0;dc_lat=;dc_rdid=;tag_for_child_directed_treatment=;ord=943733543439.7042?","size":0,"blocked":0,"send":0,"connect":0,"pageref":"https:\/\/www.cognizant.com\/","status":302},{"startedDateTime":"2018-10-22T12:08:52.639Z","receive":0,"wait":0,"method":"GET","dns":0,"mimeType":"application\/x-www-form-urlencoded; charset=UTF-8","ssl":0,"url":"https:\/\/munchkin.marketo.net\/munchkin.js","size":1284,"blocked":0,"send":0,"connect":0,"pageref":"https:\/\/www.cognizant.com\/","status":200},{"startedDateTime":"2018-10-22T12:08:52.650Z","receive":0,"wait":0,"method":"GET","dns":0,"mimeType":"application\/x-www-form-urlencoded; charset=UTF-8","ssl":0,"url":"https:\/\/ssl.google-analytics.com\/ga.js","size":46274,"blocked":0,"send":0,"connect":0,"pageref":"https:\/\/www.cognizant.com\/","status":200},{"startedDateTime":"2018-10-22T12:08:52.678Z","receive":0,"wait":0,"method":"GET","dns":0,"mimeType":"application\/x-www-form-urlencoded; charset=UTF-8","ssl":0,"url":"https:\/\/2899686.fls.doubleclick.net\/activityi;dc_pre=CPnQ6vaBmt4CFViFaAodIFwAkA;src=2899686;type=gener0;cat=pv_ho0;dc_lat=;dc_rdid=;tag_for_child_directed_treatment=;ord=943733543439.7042?","size":387,"blocked":0,"send":0,"connect":0,"pageref":"https:\/\/www.cognizant.com\/","status":200},{"startedDateTime":"2018-10-22T12:08:52.765Z","receive":0,"wait":0,"method":"GET","dns":0,"mimeType":"application\/x-www-form-urlencoded; charset=UTF-8","ssl":0,"url":"https:\/\/www.youtube.com\/iframe_api","size":859,"blocked":0,"send":0,"connect":0,"pageref":"https:\/\/www.cognizant.com\/","status":200},{"startedDateTime":"2018-10-22T12:08:52.776Z","receive":0,"wait":0,"method":"GET","dns":0,"mimeType":"application\/x-www-form-urlencoded; charset=UTF-8","ssl":0,"url":"https:\/\/scripts.demandbase.com\/MWk346PU.min.js","size":57297,"blocked":0,"send":0,"connect":0,"pageref":"https:\/\/www.cognizant.com\/","status":200},{"startedDateTime":"2018-10-22T12:08:52.856Z","receive":0,"wait":0,"method":"GET","dns":0,"mimeType":"application\/x-www-form-urlencoded; charset=UTF-8","ssl":0,"url":"https:\/\/www.youtube.com\/embed\/u0wYsQsAOGw?list=PL-Okbzovwrrz1QcPB9e6Rfr94-TMnO28J&wmode=transparent&enablejsapi=1&rel=0","size":15627,"blocked":0,"send":0,"connect":0,"pageref":"https:\/\/www.cognizant.com\/","status":200},{"startedDateTime":"2018-10-22T12:08:52.869Z","receive":0,"wait":0,"method":"GET","dns":0,"mimeType":"application\/x-www-form-urlencoded; charset=UTF-8","ssl":0,"url":"https:\/\/munchkin.marketo.net\/154\/munchkin.js","size":8273,"blocked":0,"send":0,"connect":0,"pageref":"https:\/\/www.cognizant.com\/","status":200},{"startedDateTime":"2018-10-22T12:08:52.936Z","receive":0,"wait":0,"method":"GET","dns":0,"mimeType":"application\/x-www-form-urlencoded; charset=UTF-8","ssl":0,"url":"https:\/\/www.google-analytics.com\/analytics.js","size":43233,"blocked":0,"send":0,"connect":0,"pageref":"https:\/\/www.cognizant.com\/","status":200},{"startedDateTime":"2018-10-22T12:08:52.943Z","receive":0,"wait":0,"method":"GET","dns":0,"mimeType":"application\/x-www-form-urlencoded; charset=UTF-8","ssl":0,"url":"https:\/\/amplify.outbrain.com\/cp\/obtp.js","size":4446,"blocked":0,"send":0,"connect":0,"pageref":"https:\/\/www.cognizant.com\/","status":200},{"startedDateTime":"2018-10-22T12:08:52.972Z","receive":0,"wait":0,"method":"GET","dns":0,"mimeType":"application\/x-www-form-urlencoded; charset=UTF-8","ssl":0,"url":"https:\/\/www.google-analytics.com\/plugins\/ga\/inpage_linkid.js","size":1169,"blocked":0,"send":0,"connect":0,"pageref":"https:\/\/www.cognizant.com\/","status":200},{"startedDateTime":"2018-10-22T12:08:53.041Z","receive":0,"wait":0,"method":"GET","dns":0,"mimeType":"application\/x-www-form-urlencoded; charset=UTF-8","ssl":0,"url":"https:\/\/pixel.rubiconproject.com\/tap.php?cookie_redirect=1&v=8981&nid=2307&put=c501c46f-a06d-4226-8a23-3d89eec73b68&expires=30&next=https%3A%2F%2Fmatch.adsrvr.org%2Ftrack%2Fcmf%2Frubicon","size":0,"blocked":0,"send":0,"connect":0,"pageref":"https:\/\/www.cognizant.com\/","status":302},{"startedDateTime":"2018-10-22T12:08:53.131Z","receive":0,"wait":0,"method":"GET","dns":0,"mimeType":"application\/x-www-form-urlencoded; charset=UTF-8","ssl":0,"url":"https:\/\/www.cognizant.com\/content\/dam\/Cognizant_Dotcom\/whitepaper_thumbnails\/21-more-jobs-of-the-future-a-guide-to-getting-and-staying-employed-through-2029-codex3928_TL.jpg","size":12515,"blocked":0,"send":0,"connect":0,"pageref":"https:\/\/www.cognizant.com\/","status":200},{"startedDateTime":"2018-10-22T12:08:53.167Z","receive":0,"wait":0,"method":"GET","dns":0,"mimeType":"application\/x-www-form-urlencoded; charset=UTF-8","ssl":0,"url":"https:\/\/www.cognizant.com\/content\/dam\/Cognizant_Dotcom\/whitepaper_thumbnails\/making-ai-responsible-and-effective-codex3974_TL.jpg","size":13924,"blocked":0,"send":0,"connect":0,"pageref":"https:\/\/www.cognizant.com\/","status":200},{"startedDateTime":"2018-10-22T12:08:53.180Z","receive":0,"wait":0,"method":"GET","dns":0,"mimeType":"application\/x-www-form-urlencoded; charset=UTF-8","ssl":0,"url":"https:\/\/www.cognizant.com\/content\/dam\/Cognizant_Dotcom\/images\/blockchain-and-gdpr-demystifying-a-complicated-relationship-part1-of-2_TL.jpg","size":42668,"blocked":0,"send":0,"connect":0,"pageref":"https:\/\/www.cognizant.com\/","status":200},{"startedDateTime":"2018-10-22T12:08:53.331Z","receive":0,"wait":0,"method":"GET","dns":0,"mimeType":"application\/x-www-form-urlencoded; charset=UTF-8","ssl":0,"url":"https:\/\/www.facebook.com\/tr\/?id=1099943406825891&ev=PageView&dl=https%3A%2F%2Fwww.cognizant.com%2F&rl=&if=false&ts=1540210132821&sw=1920&sh=1080&v=2.8.30&r=stable&ec=0&o=30&it=1540210131714&coo=false","size":44,"blocked":0,"send":0,"connect":0,"pageref":"https:\/\/www.cognizant.com\/","status":200},{"startedDateTime":"2018-10-22T12:08:53.349Z","receive":0,"wait":0,"method":"GET","dns":0,"mimeType":"application\/x-www-form-urlencoded; charset=UTF-8","ssl":0,"url":"https:\/\/www.cognizant.com\/content\/dam\/Cognizant_Dotcom\/images\/cmo-serialization-compliance-a-phased-framework_TL.jpg","size":43142,"blocked":0,"send":0,"connect":0,"pageref":"https:\/\/www.cognizant.com\/","status":200},{"startedDateTime":"2018-10-22T12:08:53.389Z","receive":0,"wait":0,"method":"GET","dns":0,"mimeType":"application\/x-www-form-urlencoded; charset=UTF-8","ssl":0,"url":"https:\/\/www.cognizant.com\/content\/dam\/Cognizant_Dotcom\/images\/automating-hr-to-empower-people_TL.jpg","size":46501,"blocked":0,"send":0,"connect":0,"pageref":"https:\/\/www.cognizant.com\/","status":200},{"startedDateTime":"2018-10-22T12:08:53.395Z","receive":0,"wait":0,"method":"GET","dns":0,"mimeType":"application\/x-www-form-urlencoded; charset=UTF-8","ssl":0,"url":"https:\/\/www.cognizant.com\/content\/dam\/Cognizant_Dotcom\/whitepaper_thumbnails\/resilience-engineering-as-an-it-cultural-discipline-codex3800_TL.jpg","size":56586,"blocked":0,"send":0,"connect":0,"pageref":"https:\/\/www.cognizant.com\/","status":200},{"startedDateTime":"2018-10-22T12:08:53.401Z","receive":0,"wait":0,"method":"GET","dns":0,"mimeType":"application\/x-www-form-urlencoded; charset=UTF-8","ssl":0,"url":"https:\/\/snap.licdn.com\/li.lms-analytics\/insight.min.js","size":13610,"blocked":0,"send":0,"connect":0,"pageref":"https:\/\/www.cognizant.com\/","status":200},{"startedDateTime":"2018-10-22T12:08:53.423Z","receive":0,"wait":0,"method":"POST","dns":0,"mimeType":"application\/x-www-form-urlencoded","ssl":0,"url":"https:\/\/www.facebook.com\/tr\/","size":0,"blocked":0,"send":0,"connect":0,"pageref":"https:\/\/www.cognizant.com\/","status":200},{"startedDateTime":"2018-10-22T12:08:53.432Z","receive":0,"wait":0,"method":"GET","dns":0,"mimeType":"application\/x-www-form-urlencoded","ssl":0,"url":"https:\/\/www.cognizant.com\/content\/dam\/Cognizant_Dotcom\/images\/the-transformational-power-of-sharing_TL.jpg","size":50480,"blocked":0,"send":0,"connect":0,"pageref":"https:\/\/www.cognizant.com\/","status":200},{"startedDateTime":"2018-10-22T12:08:53.432Z","receive":0,"wait":0,"method":"GET","dns":0,"mimeType":"application\/x-www-form-urlencoded","ssl":0,"url":"https:\/\/www.cognizant.com\/content\/dam\/Cognizant_Dotcom\/images\/guiding-principles-to-satisfy-the-growing-digital-appetite-of-us-health-insurance-members_TL.jpg","size":45817,"blocked":0,"send":0,"connect":0,"pageref":"https:\/\/www.cognizant.com\/","status":200},{"startedDateTime":"2018-10-22T12:08:53.434Z","receive":0,"wait":0,"method":"GET","dns":0,"mimeType":"application\/x-www-form-urlencoded","ssl":0,"url":"https:\/\/www.cognizant.com\/content\/dam\/Cognizant_Dotcom\/whitepaper_thumbnails\/how-integrated-process-management-completes-the-blockchain-jigsaw-codex3435_TL.jpg","size":42227,"blocked":0,"send":0,"connect":0,"pageref":"https:\/\/www.cognizant.com\/","status":200},{"startedDateTime":"2018-10-22T12:08:53.440Z","receive":0,"wait":0,"method":"GET","dns":0,"mimeType":"application\/x-www-form-urlencoded","ssl":0,"url":"https:\/\/fls.doubleclick.net\/json?spot=2899686&src=&var=s_3_Integrate_DFA_get_0&host=integrate.112.2o7.net%2Fdfa_echo%3Fvar%3Ds_3_Integrate_DFA_get_0%26AQE%3D1%26A2S%3D1&ord=5835468539598","size":40,"blocked":0,"send":0,"connect":0,"pageref":"https:\/\/www.cognizant.com\/","status":200},{"startedDateTime":"2018-10-22T12:08:53.454Z","receive":0,"wait":0,"method":"GET","dns":0,"mimeType":"application\/x-www-form-urlencoded","ssl":0,"url":"https:\/\/www.cognizant.com\/content\/dam\/Cognizant_Dotcom\/whitepaper_thumbnails\/how-agile-application-portfolio-rationalization-delivers-digital-success-codex3855_TL.jpg","size":56558,"blocked":0,"send":0,"connect":0,"pageref":"https:\/\/www.cognizant.com\/","status":200},{"startedDateTime":"2018-10-22T12:08:53.459Z","receive":0,"wait":0,"method":"GET","dns":0,"mimeType":"application\/x-www-form-urlencoded","ssl":0,"url":"https:\/\/www.youtube.com\/yts\/cssbin\/www-player-webp-vflzugqhv.css","size":297404,"blocked":0,"send":0,"connect":0,"pageref":"https:\/\/www.cognizant.com\/","status":200},{"startedDateTime":"2018-10-22T12:08:53.488Z","receive":0,"wait":0,"method":"GET","dns":0,"mimeType":"application\/x-www-form-urlencoded","ssl":0,"url":"https:\/\/www.youtube.com\/yts\/jsbin\/www-embed-player-vfllh7JUA\/www-embed-player.js","size":103056,"blocked":0,"send":0,"connect":0,"pageref":"https:\/\/www.cognizant.com\/","status":200},{"startedDateTime":"2018-10-22T12:08:53.492Z","receive":0,"wait":0,"method":"GET","dns":0,"mimeType":"application\/x-www-form-urlencoded","ssl":0,"url":"https:\/\/www.cognizant.com\/content\/dam\/Cognizant_Dotcom\/images\/how-cognitive-computing-unlocks-business-process-managements-performance-enhancing-virtues_TL.jpg","size":57419,"blocked":0,"send":0,"connect":0,"pageref":"https:\/\/www.cognizant.com\/","status":200},{"startedDateTime":"2018-10-22T12:08:53.505Z","receive":0,"wait":0,"method":"GET","dns":0,"mimeType":"application\/x-www-form-urlencoded","ssl":0,"url":"https:\/\/www.youtube.com\/yts\/jsbin\/player-vflICk6QU\/en_US\/base.js","size":1327248,"blocked":0,"send":0,"connect":0,"pageref":"https:\/\/www.cognizant.com\/","status":200},{"startedDateTime":"2018-10-22T12:08:53.517Z","receive":0,"wait":0,"method":"GET","dns":0,"mimeType":"application\/x-www-form-urlencoded","ssl":0,"url":"https:\/\/www.cognizant.com\/content\/dam\/Cognizant_Dotcom\/images\/ai-rising-asia-pacific-embraces-the-age-of-the-intelligent-machine_TL.jpg","size":67186,"blocked":0,"send":0,"connect":0,"pageref":"https:\/\/www.cognizant.com\/","status":200},{"startedDateTime":"2018-10-22T12:08:53.696Z","receive":0,"wait":0,"method":"GET","dns":0,"mimeType":"application\/x-www-form-urlencoded","ssl":0,"url":"https:\/\/s.ytimg.com\/yts\/jsbin\/www-widgetapi-vflY6gPjD\/www-widgetapi.js","size":20602,"blocked":0,"send":0,"connect":0,"pageref":"https:\/\/www.cognizant.com\/","status":200},{"startedDateTime":"2018-10-22T12:08:53.880Z","receive":0,"wait":0,"method":"GET","dns":0,"mimeType":"application\/x-www-form-urlencoded","ssl":0,"url":"https:\/\/www.cognizant.com\/content\/dam\/Cognizant_Dotcom\/images\/How-a-digitized-supply-chain-control-tower_TL.jpg","size":74703,"blocked":0,"send":0,"connect":0,"pageref":"https:\/\/www.cognizant.com\/","status":200},{"startedDateTime":"2018-10-22T12:08:53.897Z","receive":0,"wait":0,"method":"GET","dns":0,"mimeType":"application\/x-www-form-urlencoded","ssl":0,"url":"https:\/\/d.company-target.com\/pixel?type=js&id=1447191035&page=https%3A%2F%2Fwww.cognizant.com%2F","size":0,"blocked":0,"send":0,"connect":0,"pageref":"https:\/\/www.cognizant.com\/","status":302},{"startedDateTime":"2018-10-22T12:08:53.973Z","receive":0,"wait":0,"method":"GET","dns":0,"mimeType":"application\/x-www-form-urlencoded","ssl":0,"url":"https:\/\/api.company-target.com\/api\/v2\/ip.json?referrer=&page=https%3A%2F%2Fwww.cognizant.com%2F&page_title=Make%20Digital%20Work%20for%20Your%20Business%20%7C%20Cognizant&key=3d862cebf6387d7e19d3666b06a9fae1&src=tag","size":1161,"blocked":0,"send":0,"connect":0,"pageref":"https:\/\/www.cognizant.com\/","status":200},{"startedDateTime":"2018-10-22T12:08:53.974Z","receive":0,"wait":0,"method":"GET","dns":0,"mimeType":"application\/x-www-form-urlencoded","ssl":0,"url":"https:\/\/trackcmp.net\/visit?actid=798707031&e=&r=&u=https%3A%2F%2Fwww.cognizant.com%2F","size":0,"blocked":0,"send":0,"connect":0,"pageref":"https:\/\/www.cognizant.com\/","status":200},{"startedDateTime":"2018-10-22T12:08:53.982Z","receive":0,"wait":0,"method":"GET","dns":0,"mimeType":"application\/x-www-form-urlencoded","ssl":0,"url":"https:\/\/adservice.google.com\/ddm\/fls\/z\/dc_pre=CPnQ6vaBmt4CFViFaAodIFwAkA;src=2899686;type=gener0;cat=pv_ho0;dc_lat=;dc_rdid=;tag_for_child_directed_treatment=;ord=943733543439.7042","size":42,"blocked":0,"send":0,"connect":0,"pageref":"https:\/\/www.cognizant.com\/","status":200},{"startedDateTime":"2018-10-22T12:08:54.003Z","receive":0,"wait":0,"method":"GET","dns":0,"mimeType":"application\/x-www-form-urlencoded","ssl":0,"url":"https:\/\/d.company-target.com\/pixel?type=js&id=1447191123&page=https%3A%2F%2Fwww.cognizant.com%2F","size":43,"blocked":0,"send":0,"connect":0,"pageref":"https:\/\/www.cognizant.com\/","status":200},{"startedDateTime":"2018-10-22T12:08:54.010Z","receive":0,"wait":0,"method":"GET","dns":0,"mimeType":"application\/x-www-form-urlencoded","ssl":0,"url":"https:\/\/d.company-target.com\/ul_cb\/pixel?type=js&id=1447191035&page=https%3A%2F%2Fwww.cognizant.com%2F","size":302,"blocked":0,"send":0,"connect":0,"pageref":"https:\/\/www.cognizant.com\/","status":200},{"startedDateTime":"2018-10-22T12:08:54.029Z","receive":0,"wait":0,"method":"GET","dns":0,"mimeType":"application\/x-www-form-urlencoded","ssl":0,"url":"https:\/\/ssl.google-analytics.com\/r\/__utm.gif?utmwv=5.7.2&utms=1&utmn=1006258801&utmhn=www.cognizant.com&utmcs=UTF-8&utmsr=1920x1080&utmvp=918x935&utmsc=24-bit&utmul=en-us&utmje=0&utmfl=-&utmdt=Make%20Digital%20Work%20for%20Your%20Business%20%7C%20Cognizant&utmhid=31530626&utmr=-&utmp=%2F&utmht=1540210133043&utmac=UA-41482976-1&utmgtm=GafCSZ8&utmcc=__utma%3D87581962.196919190.1540210133.1540210133.1540210133.1%3B%2B__utmz%3D87581962.1540210133.1.1.utmcsr%3D(direct)%7Cutmccn%3D(direct)%7Cutmcmd%3D(none)%3B&utmjid=68261900&utmredir=1&utmu=qmAgAABAAQGBAAAAAgAAAQAE~","size":35,"blocked":0,"send":0,"connect":0,"pageref":"https:\/\/www.cognizant.com\/","status":200},{"startedDateTime":"2018-10-22T12:08:54.331Z","receive":0,"wait":0,"method":"GET","dns":0,"mimeType":"application\/x-www-form-urlencoded","ssl":0,"url":"https:\/\/cognizant.sc.omtrdc.net\/b\/ss\/ctsprodlive\/1\/JS-1.6-D7QN\/s251768332118?AQB=1&ndh=1&pf=1&t=22%2F9%2F2018%205%3A8%3A53%201%20420&D=D%3D&mid=74092947951645180713669306944764728140&aamlh=3&ce=UTF-8&pageName=Make%20Digital%20Work%20for%20Your%20Business%20%7C%20Cognizant&g=https%3A%2F%2Fwww.cognizant.com%2F&c.&s_dmdbase=123042299%3AUniworld%20Logistics%3ATransportation%20%26%20Logistics%3AMail%20and%20Express%3AMid-Market%3A%24100M%20-%20%242%3AMid-Market%20Business%3ATransportation%20%26%20Logistics&s_dmdbase_custom1=false%3Afalse%3Atrue%3AIndia%3ANot%20In%20List%3AISP%20Visitor%3A125.22.193.220%3AKA&s_dmdbase_custom2=Not%20In%20List%3ANot%20In%20List%3ANot%20In%20List%3ANot%20In%20List%3ANot%20In%20List%3ANot%20In%20List%3ANot%20In%20List%3AISP%20Visitor&.c&cc=USD&events=event24&aamb=RKhpRz8krg2tLO6pguXWp5olkAcUniQYPHaMWWgdJ3xzPWQmdj0y&c8=D%3Dv8&v15=Make%20Digital%20Work%20for%20Your%20Business%20%7C%20Cognizant&c16=D%3Dv16&v16=D%3Dg&v29=74092947951645180713669306944764728140&c44=New&v44=New&c45=52&c60=D%3Dv60&v60=cts%3Aus%3Aen%3Aen_us&c61=D%3Dv61&v61=Make%20Digital%20Work%20for%20Your%20Business%20%7C%20Cognizant%20&c62=D%3Dv62&v62=https%3A%2F%2Fwww.cognizant.com%2F&c63=D%3Dv63&v63=06048879-3f86-4e2f-9fad-fc667c4eac1f&v64=true&v65=2018-04-15&v66=en_US&v67=US&v68=EN&c69=D%3Dv69&v69=External%7CBookmarked&v70=en_US&c71=D%3Dv71&v71=CTS%3AUS%3AEN%3AHOME-PAGE&v72=UNCATEGORIZED&v73=UNCATEGORIZED&v74=2018-10-09&s=1920x1080&c=24&j=1.6&v=N&k=Y&bw=935&bh=935&AQE=1","size":43,"blocked":0,"send":0,"connect":0,"pageref":"https:\/\/www.cognizant.com\/","status":200},{"startedDateTime":"2018-10-22T12:08:54.357Z","receive":0,"wait":0,"method":"GET","dns":0,"mimeType":"application\/x-www-form-urlencoded","ssl":0,"url":"https:\/\/www.youtube.com\/list_ajax?style=json&action_get_list=1&list=PL-Okbzovwrrz1QcPB9e6Rfr94-TMnO28J","size":1382,"blocked":0,"send":0,"connect":0,"pageref":"https:\/\/www.cognizant.com\/","status":200},{"startedDateTime":"2018-10-22T12:08:54.358Z","receive":0,"wait":0,"method":"GET","dns":0,"mimeType":"application\/x-www-form-urlencoded","ssl":0,"url":"https:\/\/www.google-analytics.com\/r\/collect?v=1&_v=j71&a=31530626&t=pageview&_s=1&dl=https%3A%2F%2Fwww.cognizant.com%2F&ul=en-us&de=UTF-8&dt=Make%20Digital%20Work%20for%20Your%20Business%20%7C%20Cognizant&sd=24-bit&sr=1920x1080&vp=918x935&je=0&_utma=87581962.196919190.1540210133.1540210133.1540210133.1&_utmz=87581962.1540210133.1.1.utmcsr%3D(direct)%7Cutmccn%3D(direct)%7Cutmcmd%3D(none)&_utmht=1540210133173&_u=YQBCAAAB~&jid=2116402311&gjid=2070438667&cid=196919190.1540210133&tid=UA-3255466-2&_gid=1895249114.1540210133&_r=1&gtm=GafCSZ8&z=1588931906","size":35,"blocked":0,"send":0,"connect":0,"pageref":"https:\/\/www.cognizant.com\/","status":200},{"startedDateTime":"2018-10-22T12:08:54.392Z","receive":0,"wait":0,"method":"GET","dns":0,"mimeType":"application\/x-www-form-urlencoded","ssl":0,"url":"https:\/\/googleads.g.doubleclick.net\/pagead\/id","size":113,"blocked":0,"send":0,"connect":0,"pageref":"https:\/\/www.cognizant.com\/","status":200},{"startedDateTime":"2018-10-22T12:08:54.433Z","receive":0,"wait":0,"method":"GET","dns":0,"mimeType":"application\/x-www-form-urlencoded","ssl":0,"url":"https:\/\/googleads.g.doubleclick.net\/pagead\/viewthroughconversion\/1003116074\/?random=1540210132791&cv=9&fst=1540210132791&num=1&guid=ON&resp=GooglemKTybQhCsO&eid=659255991&u_h=1080&u_w=1920&u_ah=1040&u_aw=1920&u_cd=24&u_his=2&u_tz=-420&u_java=false&u_nplug=3&u_nmime=4&gtm=Gaf&sendb=1&frm=0&url=https%3A%2F%2Fwww.cognizant.com%2F&tiba=Make%20Digital%20Work%20for%20Your%20Business%20%7C%20Cognizant&async=1&rfmt=3&fmt=4","size":2206,"blocked":0,"send":0,"connect":0,"pageref":"https:\/\/www.cognizant.com\/","status":200},{"startedDateTime":"2018-10-22T12:08:54.474Z","receive":0,"wait":0,"method":"POST","dns":0,"mimeType":"application\/x-www-form-urlencoded","ssl":0,"url":"https:\/\/www.youtube.com\/ad_data_204","size":0,"blocked":0,"send":0,"connect":0,"pageref":"https:\/\/www.cognizant.com\/","status":204},{"startedDateTime":"2018-10-22T12:08:54.492Z","receive":0,"wait":0,"method":"GET","dns":0,"mimeType":"application\/x-www-form-urlencoded","ssl":0,"url":"https:\/\/www.youtube.com\/yts\/jsbin\/player-vflICk6QU\/en_US\/remote.js","size":82586,"blocked":0,"send":0,"connect":0,"pageref":"https:\/\/www.cognizant.com\/","status":200},{"startedDateTime":"2018-10-22T12:08:54.578Z","receive":0,"wait":0,"method":"GET","dns":0,"mimeType":"application\/x-www-form-urlencoded","ssl":0,"url":"https:\/\/www.google.com\/js\/bg\/dfD9zXZWxFiDhYhWq7JGeIab03YqAOfkkE7CNMbfLXw.js","size":11862,"blocked":0,"send":0,"connect":0,"pageref":"https:\/\/www.cognizant.com\/","status":200},{"startedDateTime":"2018-10-22T12:08:54.586Z","receive":0,"wait":0,"method":"GET","dns":0,"mimeType":"application\/x-www-form-urlencoded","ssl":0,"url":"https:\/\/www.google.com\/pagead\/1p-user-list\/1003116074\/?random=1540210132791&cv=9&fst=1540209600000&num=1&guid=ON&eid=659255991&u_h=1080&u_w=1920&u_ah=1040&u_aw=1920&u_cd=24&u_his=2&u_tz=-420&u_java=false&u_nplug=3&u_nmime=4&gtm=Gaf&sendb=1&frm=0&url=https%3A%2F%2Fwww.cognizant.com%2F&tiba=Make%20Digital%20Work%20for%20Your%20Business%20%7C%20Cognizant&async=1&fmt=3&crd=CITQGw&cdct=2&is_vtc=1&random=1670119040&resp=GooglemKTybQhCsO&rmt_tld=0&ipr=y","size":42,"blocked":0,"send":0,"connect":0,"pageref":"https:\/\/www.cognizant.com\/","status":200},{"startedDateTime":"2018-10-22T12:08:54.597Z","receive":0,"wait":0,"method":"GET","dns":0,"mimeType":"application\/x-www-form-urlencoded","ssl":0,"url":"https:\/\/453-keu-395.mktoresp.com\/webevents\/visitWebPage?_mchNc=1540210132943&_mchCn=&_mchId=453-KEU-395&_mchTk=_mch-cognizant.com-1540210132939-74077&_mchHo=www.cognizant.com&_mchPo=&_mchRu=%2F&_mchPc=https%3A&_mchVr=154&_mchHa=&_mchRe=&_mchQp=","size":43,"blocked":0,"send":0,"connect":0,"pageref":"https:\/\/www.cognizant.com\/","status":200},{"startedDateTime":"2018-10-22T12:08:54.793Z","receive":0,"wait":0,"method":"GET","dns":0,"mimeType":"application\/x-www-form-urlencoded","ssl":0,"url":"https:\/\/static.doubleclick.net\/instream\/ad_status.js","size":29,"blocked":0,"send":0,"connect":0,"pageref":"https:\/\/www.cognizant.com\/","status":200},{"startedDateTime":"2018-10-22T12:08:54.878Z","receive":0,"wait":0,"method":"GET","dns":0,"mimeType":"application\/x-www-form-urlencoded","ssl":0,"url":"https:\/\/id.rlcdn.com\/464526.gif","size":0,"blocked":0,"send":0,"connect":0,"pageref":"https:\/\/www.cognizant.com\/","status":307},{"startedDateTime":"2018-10-22T12:08:54.964Z","receive":0,"wait":0,"method":"GET","dns":0,"mimeType":"application\/x-www-form-urlencoded","ssl":0,"url":"https:\/\/tr.outbrain.com\/pixel?marketerId=00baf9dd6669c48844e8364fc3823b2dac&obApiVersion=1.0.10&name=PAGE_VIEW&dl=https%3A%2F%2Fwww.cognizant.com%2F&bust=05459346263842115","size":43,"blocked":0,"send":0,"connect":0,"pageref":"https:\/\/www.cognizant.com\/","status":200},{"startedDateTime":"2018-10-22T12:08:55.002Z","receive":0,"wait":0,"method":"GET","dns":0,"mimeType":"application\/x-www-form-urlencoded","ssl":0,"url":"https:\/\/www.google-analytics.com\/collect?v=1&_v=j71&a=31530626&t=event&ni=1&_s=1&dl=https%3A%2F%2Fwww.cognizant.com%2F&ul=en-us&de=UTF-8&dt=Make%20Digital%20Work%20for%20Your%20Business%20%7C%20Cognizant&sd=24-bit&sr=1920x1080&vp=918x935&je=0&ec=Demandbase&ea=API%20Resolution&el=IP%20Address%20API&_utma=87581962.196919190.1540210133.1540210133.1540210133.1&_utmz=87581962.1540210133.1.1.utmcsr%3D(direct)%7Cutmccn%3D(direct)%7Cutmcmd%3D(none)&_utmht=1540210134435&_u=aQDCAAAB~&jid=&gjid=&cid=196919190.1540210133&tid=UA-3255466-2&_gid=1895249114.1540210133&gtm=GafCSZ8&cd1=Mid-Market%20Business&cd2=Transportation%20%26%20Logistics&cd3=Uniworld%20Logistics&cd4=Transportation%20%26%20Logistics&cd5=Mail%20and%20Express&cd6=%24100M%20-%20%24250M&cd7=Mid-Market&cd8=123042299&cd9=1&cd10=0&cd11=125.22.193.220&cd12=Bangalore&cd13=KA&cd14=India&cd15=uniworld-logistics.com&cd16=Low&z=1677002109","size":35,"blocked":0,"send":0,"connect":0,"pageref":"https:\/\/www.cognizant.com\/","status":200},{"startedDateTime":"2018-10-22T12:08:55.048Z","receive":0,"wait":0,"method":"GET","dns":0,"mimeType":"application\/x-www-form-urlencoded","ssl":0,"url":"https:\/\/match.adsrvr.org\/track\/cmf\/rubicon","size":281,"blocked":0,"send":0,"connect":0,"pageref":"https:\/\/www.cognizant.com\/","status":302},{"startedDateTime":"2018-10-22T12:08:55.159Z","receive":0,"wait":0,"method":"GET","dns":0,"mimeType":"application\/x-www-form-urlencoded","ssl":0,"url":"https:\/\/id.rlcdn.com\/1000.gif?memo=CI6tHBoNCOj7tt4FEgUI6AcQAEIASgA","size":0,"blocked":0,"send":0,"connect":0,"pageref":"https:\/\/www.cognizant.com\/","status":307},{"startedDateTime":"2018-10-22T12:08:55.346Z","receive":0,"wait":0,"method":"GET","dns":0,"mimeType":"application\/x-www-form-urlencoded","ssl":0,"url":"https:\/\/dsum-sec.casalemedia.com\/rum?cm_dsp_id=39&external_user_id=c501c46f-a06d-4226-8a23-3d89eec73b68&expiration=1542802152","size":325,"blocked":0,"send":0,"connect":0,"pageref":"https:\/\/www.cognizant.com\/","status":302},{"startedDateTime":"2018-10-22T12:08:55.357Z","receive":0,"wait":0,"method":"GET","dns":0,"mimeType":"application\/x-www-form-urlencoded","ssl":0,"url":"https:\/\/match.prod.bidr.io\/cookie-sync\/demandbase","size":0,"blocked":0,"send":0,"connect":0,"pageref":"https:\/\/www.cognizant.com\/","status":303},{"startedDateTime":"2018-10-22T12:08:55.635Z","receive":0,"wait":0,"method":"GET","dns":0,"mimeType":"application\/x-www-form-urlencoded","ssl":0,"url":"https:\/\/match.prod.bidr.io\/cookie-sync\/demandbase?_bee_ppp=1","size":0,"blocked":0,"send":0,"connect":0,"pageref":"https:\/\/www.cognizant.com\/","status":303},{"startedDateTime":"2018-10-22T12:08:55.728Z","receive":0,"wait":0,"method":"GET","dns":0,"mimeType":"application\/x-www-form-urlencoded","ssl":0,"url":"https:\/\/amplifypixel.outbrain.com\/pixel?mid=00baf9dd6669c48844e8364fc3823b2dac&dl=https%3A%2F%2Fwww.cognizant.com%2F&bust=05459346263842115","size":43,"blocked":0,"send":0,"connect":0,"pageref":"https:\/\/www.cognizant.com\/","status":200},{"startedDateTime":"2018-10-22T12:08:55.731Z","receive":0,"wait":0,"method":"GET","dns":0,"mimeType":"application\/x-www-form-urlencoded","ssl":0,"url":"https:\/\/www.google.co.in\/pagead\/1p-user-list\/1003116074\/?random=1540210132791&cv=9&fst=1540209600000&num=1&guid=ON&eid=659255991&u_h=1080&u_w=1920&u_ah=1040&u_aw=1920&u_cd=24&u_his=2&u_tz=-420&u_java=false&u_nplug=3&u_nmime=4&gtm=Gaf&sendb=1&frm=0&url=https%3A%2F%2Fwww.cognizant.com%2F&tiba=Make%20Digital%20Work%20for%20Your%20Business%20%7C%20Cognizant&async=1&fmt=3&crd=CITQGw&cdct=2&is_vtc=1&random=1670119040&resp=GooglemKTybQhCsO&rmt_tld=1&ipr=y","size":42,"blocked":0,"send":0,"connect":0,"pageref":"https:\/\/www.cognizant.com\/","status":200},{"startedDateTime":"2018-10-22T12:08:56.045Z","receive":0,"wait":0,"method":"GET","dns":0,"mimeType":"application\/x-www-form-urlencoded","ssl":0,"url":"https:\/\/dsum-sec.casalemedia.com\/rum?cm_dsp_id=39&external_user_id=c501c46f-a06d-4226-8a23-3d89eec73b68&expiration=1542802152&C=1","size":43,"blocked":0,"send":0,"connect":0,"pageref":"https:\/\/www.cognizant.com\/","status":200},{"startedDateTime":"2018-10-22T12:08:56.525Z","receive":0,"wait":0,"method":"GET","dns":0,"mimeType":"application\/x-www-form-urlencoded","ssl":0,"url":"https:\/\/segments.company-target.com\/log?vendor=choca&user_id=AAB8zU63m3wAACvOBtpYHA","size":26,"blocked":0,"send":0,"connect":0,"pageref":"https:\/\/www.cognizant.com\/","status":200},{"startedDateTime":"2018-10-22T12:08:56.830Z","receive":0,"wait":0,"method":"GET","dns":0,"mimeType":"application\/x-www-form-urlencoded","ssl":0,"url":"https:\/\/maps.googleapis.com\/maps-api-v3\/api\/js\/34\/14\/common.js","size":72857,"blocked":0,"send":0,"connect":0,"pageref":"https:\/\/www.cognizant.com\/","status":200},{"startedDateTime":"2018-10-22T12:08:56.897Z","receive":0,"wait":0,"method":"GET","dns":0,"mimeType":"application\/x-www-form-urlencoded","ssl":0,"url":"https:\/\/maps.googleapis.com\/maps-api-v3\/api\/js\/34\/14\/util.js","size":136451,"blocked":0,"send":0,"connect":0,"pageref":"https:\/\/www.cognizant.com\/","status":200},{"startedDateTime":"2018-10-22T12:08:56.900Z","receive":0,"wait":0,"method":"GET","dns":0,"mimeType":"application\/x-www-form-urlencoded","ssl":0,"url":"https:\/\/pippio.com\/api\/sync?pid=5324&_=2","size":0,"blocked":0,"send":0,"connect":0,"pageref":"https:\/\/www.cognizant.com\/","status":307},{"startedDateTime":"2018-10-22T12:08:56.919Z","receive":0,"wait":0,"method":"GET","dns":0,"mimeType":"application\/x-www-form-urlencoded","ssl":0,"url":"https:\/\/maps.googleapis.com\/maps-api-v3\/api\/js\/34\/14\/stats.js","size":4233,"blocked":0,"send":0,"connect":0,"pageref":"https:\/\/www.cognizant.com\/","status":200},{"startedDateTime":"2018-10-22T12:08:56.992Z","receive":0,"wait":0,"method":"GET","dns":0,"mimeType":"application\/x-www-form-urlencoded","ssl":0,"url":"https:\/\/maps.googleapis.com\/maps\/api\/js\/AuthenticationService.Authenticate?1shttps%3A%2F%2Fwww.cognizant.com%2F&4sAIzaSyD3oz6jB8_BMk2LEVXuwYigTdOW2p9mssI&callback=_xdc_._hsyts4&key=AIzaSyD3oz6jB8_BMk2LEVXuwYigTdOW2p9mssI&token=8528","size":62,"blocked":0,"send":0,"connect":0,"pageref":"https:\/\/www.cognizant.com\/","status":200},{"startedDateTime":"2018-10-22T12:08:57.138Z","receive":0,"wait":0,"method":"GET","dns":0,"mimeType":"application\/x-www-form-urlencoded","ssl":0,"url":"https:\/\/pippio.com\/api\/sync?pid=703350&","size":0,"blocked":0,"send":0,"connect":0,"pageref":"https:\/\/www.cognizant.com\/","status":307},{"startedDateTime":"2018-10-22T12:08:58.507Z","receive":0,"wait":0,"method":"GET","dns":0,"mimeType":"application\/x-www-form-urlencoded","ssl":0,"url":"https:\/\/ei.rlcdn.com\/448046.gif?n=1","size":0,"blocked":0,"send":0,"connect":0,"pageref":"https:\/\/www.cognizant.com\/","status":307},{"startedDateTime":"2018-10-22T12:09:01.249Z","receive":0,"wait":0,"method":"GET","dns":0,"mimeType":"application\/x-www-form-urlencoded","ssl":0,"url":"https:\/\/www.siliconanalytics.com\/p\/s?IDL=Xc1298qkLpLpU7eNr1ifZz0ET9dMd3xZ0kBN58MAZGFxITXss&p_uid=49b8be33a6d3e532776a9f5c72df630e777162d69cb06a3aa15b7478eabbbe638191bb57fc32d6d7","size":0,"blocked":0,"send":0,"connect":0,"pageref":"https:\/\/www.cognizant.com\/","status":302},{"startedDateTime":"2018-10-22T12:09:02.889Z","receive":0,"wait":0,"method":"GET","dns":0,"mimeType":"application\/x-www-form-urlencoded","ssl":0,"url":"https:\/\/crossmetrix.com\/?p_uid=49b8be33a6d3e532776a9f5c72df630e777162d69cb06a3aa15b7478eabbbe638191bb57fc32d6d7&PEL=Xc1298qkLpLpU7eNr1ifZz0ET9dMd3xZ0kBN58MAZGFxITXss","size":5,"blocked":0,"send":0,"connect":0,"pageref":"https:\/\/www.cognizant.com\/","status":200},{"startedDateTime":"2018-10-22T12:09:03.030Z","receive":0,"wait":0,"method":"GET","dns":0,"mimeType":"application\/x-www-form-urlencoded","ssl":0,"url":"https:\/\/www.cognizant.com\/content\/dam\/cognizant_foundation\/images\/cognizant_favicon.ico","size":7406,"blocked":0,"send":0,"connect":0,"pageref":"https:\/\/www.cognizant.com\/","status":200},{"startedDateTime":"2018-10-22T12:09:03.403Z","receive":0,"wait":0,"method":"GET","dns":0,"mimeType":"application\/x-www-form-urlencoded","ssl":0,"url":"https:\/\/px.ads.linkedin.com\/collect\/?time=1540210143004&pid=27735&url=https%3A%2F%2Fwww.cognizant.com%2F&pageUrl=https%3A%2F%2Fwww.cognizant.com%2F&ref=&fmt=js&s=1","size":0,"blocked":0,"send":0,"connect":0,"pageref":"https:\/\/www.cognizant.com\/","status":302},{"startedDateTime":"2018-10-22T12:09:03.775Z","receive":0,"wait":0,"method":"GET","dns":0,"mimeType":"application\/x-www-form-urlencoded","ssl":0,"url":"https:\/\/px.ads.linkedin.com\/collect\/?time=1540210143004&pid=27735&url=https%3A%2F%2Fwww.cognizant.com%2F&pageUrl=https%3A%2F%2Fwww.cognizant.com%2F&ref=&fmt=js&s=1&cookiesTest=true","size":0,"blocked":0,"send":0,"connect":0,"pageref":"https:\/\/www.cognizant.com\/","status":302},{"startedDateTime":"2018-10-22T12:09:04.461Z","receive":0,"wait":0,"method":"POST","dns":0,"mimeType":"application\/json","ssl":0,"url":"https:\/\/www.youtube.com\/youtubei\/v1\/log_event?alt=json&key=AIzaSyAO_FJ2SlqU8Q4STEHLGCilw_Y9_11qcW8","size":28,"blocked":0,"send":0,"connect":0,"pageref":"https:\/\/www.cognizant.com\/","status":200},{"startedDateTime":"2018-10-22T12:09:04.475Z","receive":0,"wait":0,"method":"GET","dns":0,"mimeType":"application\/json","ssl":0,"url":"https:\/\/www.linkedin.com\/px\/li_sync?redirect=https%3A%2F%2Fpx.ads.linkedin.com%2Fcollect%2F%3Ftime%3D1540210143004%26pid%3D27735%26url%3Dhttps%253A%252F%252Fwww.cognizant.com%252F%26pageUrl%3Dhttps%253A%252F%252Fwww.cognizant.com%252F%26ref%3D%26fmt%3Djs%26s%3D1%26cookiesTest%3Dtrue%26liSync%3Dtrue","size":0,"blocked":0,"send":0,"connect":0,"pageref":"https:\/\/www.cognizant.com\/","status":302},{"startedDateTime":"2018-10-22T12:09:04.531Z","receive":0,"wait":0,"method":"GET","dns":0,"mimeType":"application\/json","ssl":0,"url":"https:\/\/pi.pardot.com\/pd.js","size":5255,"blocked":0,"send":0,"connect":0,"pageref":"https:\/\/www.cognizant.com\/","status":200},{"startedDateTime":"2018-10-22T12:09:04.804Z","receive":0,"wait":0,"method":"GET","dns":0,"mimeType":"application\/json","ssl":0,"url":"https:\/\/px.ads.linkedin.com\/collect\/?time=1540210143004&pid=27735&url=https%3A%2F%2Fwww.cognizant.com%2F&pageUrl=https%3A%2F%2Fwww.cognizant.com%2F&ref=&fmt=js&s=1&cookiesTest=true&liSync=true","size":0,"blocked":0,"send":0,"connect":0,"pageref":"https:\/\/www.cognizant.com\/","status":200},{"startedDateTime":"2018-10-22T12:09:04.816Z","receive":0,"wait":0,"method":"GET","dns":0,"mimeType":"application\/json","ssl":0,"url":"https:\/\/pi.pardot.com\/analytics?ver=3&visitor_id=&pi_opt_in=&campaign_id=1380&account_id=298592&title=Make%20Digital%20Work%20for%20Your%20Business%20%7C%20Cognizant&url=https%3A%2F%2Fwww.cognizant.com%2F&referrer=","size":1054,"blocked":0,"send":0,"connect":0,"pageref":"https:\/\/www.cognizant.com\/","status":200},{"startedDateTime":"2018-10-22T12:09:06.747Z","receive":0,"wait":0,"method":"GET","dns":0,"mimeType":"application\/json","ssl":0,"url":"https:\/\/global.cognizant.com\/analytics?conly=true&visitor_id=58757515&pi_opt_in=&campaign_id=1380&account_id=298592&title=Make%20Digital%20Work%20for%20Your%20Business%20%7C%20Cognizant&url=https%3A%2F%2Fwww.cognizant.com%2F&referrer=&visitor_id_sign=639d57d1eae258ad069dbd2a7b18bc261a102c3e88ce50a1fbeecd3ca74ce0e986bbd6be65433494378ef2df5d6a5a9d609fd2b9","size":45,"blocked":0,"send":0,"connect":0,"pageref":"https:\/\/www.cognizant.com\/","status":200}]