<?xml version="1.0"?><OWASPZAPReport version="2.7.0" generated="Wed, 15 May 2019 06:59:40">
<site name="https://syndication.twitter.com" host="syndication.twitter.com" port="443" ssl="true"><alerts><alertitem>
  <pluginid>10021</pluginid>
  <alert>X-Content-Type-Options Header Missing</alert>
  <name>X-Content-Type-Options Header Missing</name>
  <riskcode>1</riskcode>
  <confidence>2</confidence>
  <riskdesc>Low (Medium)</riskdesc>
  <desc>&lt;p&gt;The Anti-MIME-Sniffing header X-Content-Type-Options was not set to &apos;nosniff&apos;. This allows older versions of Internet Explorer and Chrome to perform MIME-sniffing on the response body, potentially causing the response body to be interpreted and displayed as a content type other than the declared content type. Current (early 2014) and legacy versions of Firefox will use the declared content type (if one is set), rather than performing MIME-sniffing.&lt;/p&gt;</desc>
  <instances>
  <instance>
  <uri>https://syndication.twitter.com/settings</uri>
  <method>GET</method>
  <param>X-Content-Type-Options</param>
  </instance>
  </instances>
  <count>1</count>
  <solution>&lt;p&gt;Ensure that the application/web server sets the Content-Type header appropriately, and that it sets the X-Content-Type-Options header to &apos;nosniff&apos; for all web pages.&lt;/p&gt;&lt;p&gt;If possible, ensure that the end user uses a standards-compliant and modern web browser that does not perform MIME-sniffing at all, or that can be directed by the web application/web server to not perform MIME-sniffing.&lt;/p&gt;</solution>
  <otherinfo>&lt;p&gt;This issue still applies to error type pages (401, 403, 500, etc) as those pages are often still affected by injection issues, in which case there is still concern for browsers sniffing pages away from their actual content type.&lt;/p&gt;&lt;p&gt;At &quot;High&quot; threshold this scanner will not alert on client or server error responses.&lt;/p&gt;</otherinfo>
  <reference>&lt;p&gt;http://msdn.microsoft.com/en-us/library/ie/gg622941%28v=vs.85%29.aspx&lt;/p&gt;&lt;p&gt;https://www.owasp.org/index.php/List_of_useful_HTTP_headers&lt;/p&gt;</reference>
  <cweid>16</cweid>
  <wascid>15</wascid>
  <sourceid>3</sourceid>
</alertitem>
<alertitem>
  <pluginid>10015</pluginid>
  <alert>Incomplete or No Cache-control and Pragma HTTP Header Set</alert>
  <name>Incomplete or No Cache-control and Pragma HTTP Header Set</name>
  <riskcode>1</riskcode>
  <confidence>2</confidence>
  <riskdesc>Low (Medium)</riskdesc>
  <desc>&lt;p&gt;The cache-control and pragma HTTP header have not been set properly or are missing allowing the browser and proxies to cache content.&lt;/p&gt;</desc>
  <instances>
  <instance>
  <uri>https://syndication.twitter.com/settings</uri>
  <method>GET</method>
  <param>Cache-Control</param>
  <evidence>must-revalidate, max-age=600</evidence>
  </instance>
  </instances>
  <count>1</count>
  <solution>&lt;p&gt;Whenever possible ensure the cache-control HTTP header is set with no-cache, no-store, must-revalidate; and that the pragma HTTP header is set with no-cache.&lt;/p&gt;</solution>
  <reference>&lt;p&gt;https://www.owasp.org/index.php/Session_Management_Cheat_Sheet#Web_Content_Caching&lt;/p&gt;</reference>
  <cweid>525</cweid>
  <wascid>13</wascid>
  <sourceid>3</sourceid>
</alertitem>
</alerts></site><site name="https://cdn.syndication.twimg.com" host="cdn.syndication.twimg.com" port="443" ssl="true"><alerts><alertitem>
  <pluginid>10011</pluginid>
  <alert>Cookie Without Secure Flag</alert>
  <name>Cookie Without Secure Flag</name>
  <riskcode>1</riskcode>
  <confidence>2</confidence>
  <riskdesc>Low (Medium)</riskdesc>
  <desc>&lt;p&gt;A cookie has been set without the secure flag, which means that the cookie can be accessed via unencrypted connections.&lt;/p&gt;</desc>
  <instances>
  <instance>
  <uri>https://cdn.syndication.twimg.com/widgets/followbutton/info.json?callback=__twttr.setFollowersCountAndFollowing&amp;lang=en&amp;screen_names=angular</uri>
  <method>GET</method>
  <param>lang</param>
  <evidence>set-cookie: lang</evidence>
  </instance>
  </instances>
  <count>1</count>
  <solution>&lt;p&gt;Whenever a cookie contains sensitive information or is a session token, then it should always be passed using an encrypted channel. Ensure that the secure flag is set for cookies containing such sensitive information.&lt;/p&gt;</solution>
  <reference>&lt;p&gt;http://www.owasp.org/index.php/Testing_for_cookies_attributes_(OWASP-SM-002)&lt;/p&gt;</reference>
  <cweid>614</cweid>
  <wascid>13</wascid>
  <sourceid>3</sourceid>
</alertitem>
<alertitem>
  <pluginid>10010</pluginid>
  <alert>Cookie No HttpOnly Flag</alert>
  <name>Cookie No HttpOnly Flag</name>
  <riskcode>1</riskcode>
  <confidence>2</confidence>
  <riskdesc>Low (Medium)</riskdesc>
  <desc>&lt;p&gt;A cookie has been set without the HttpOnly flag, which means that the cookie can be accessed by JavaScript. If a malicious script can be run on this page then the cookie will be accessible and can be transmitted to another site. If this is a session cookie then session hijacking may be possible.&lt;/p&gt;</desc>
  <instances>
  <instance>
  <uri>https://cdn.syndication.twimg.com/widgets/followbutton/info.json?callback=__twttr.setFollowersCountAndFollowing&amp;lang=en&amp;screen_names=angular</uri>
  <method>GET</method>
  <param>lang</param>
  <evidence>set-cookie: lang</evidence>
  </instance>
  </instances>
  <count>1</count>
  <solution>&lt;p&gt;Ensure that the HttpOnly flag is set for all cookies.&lt;/p&gt;</solution>
  <reference>&lt;p&gt;http://www.owasp.org/index.php/HttpOnly&lt;/p&gt;</reference>
  <cweid>16</cweid>
  <wascid>13</wascid>
  <sourceid>3</sourceid>
</alertitem>
</alerts></site><site name="https://ssl.google-analytics.com" host="ssl.google-analytics.com" port="443" ssl="true"><alerts></alerts></site><site name="https://code.angularjs.org" host="code.angularjs.org" port="443" ssl="true"><alerts><alertitem>
  <pluginid>10021</pluginid>
  <alert>X-Content-Type-Options Header Missing</alert>
  <name>X-Content-Type-Options Header Missing</name>
  <riskcode>1</riskcode>
  <confidence>2</confidence>
  <riskdesc>Low (Medium)</riskdesc>
  <desc>&lt;p&gt;The Anti-MIME-Sniffing header X-Content-Type-Options was not set to &apos;nosniff&apos;. This allows older versions of Internet Explorer and Chrome to perform MIME-sniffing on the response body, potentially causing the response body to be interpreted and displayed as a content type other than the declared content type. Current (early 2014) and legacy versions of Firefox will use the declared content type (if one is set), rather than performing MIME-sniffing.&lt;/p&gt;</desc>
  <instances>
  <instance>
  <uri>https://code.angularjs.org/1.7.8/i18n/angular-locale_sk.js</uri>
  <method>GET</method>
  <param>X-Content-Type-Options</param>
  </instance>
  <instance>
  <uri>https://code.angularjs.org/1.7.8/i18n/angular-locale_en-us.js</uri>
  <method>GET</method>
  <param>X-Content-Type-Options</param>
  </instance>
  </instances>
  <count>2</count>
  <solution>&lt;p&gt;Ensure that the application/web server sets the Content-Type header appropriately, and that it sets the X-Content-Type-Options header to &apos;nosniff&apos; for all web pages.&lt;/p&gt;&lt;p&gt;If possible, ensure that the end user uses a standards-compliant and modern web browser that does not perform MIME-sniffing at all, or that can be directed by the web application/web server to not perform MIME-sniffing.&lt;/p&gt;</solution>
  <otherinfo>&lt;p&gt;This issue still applies to error type pages (401, 403, 500, etc) as those pages are often still affected by injection issues, in which case there is still concern for browsers sniffing pages away from their actual content type.&lt;/p&gt;&lt;p&gt;At &quot;High&quot; threshold this scanner will not alert on client or server error responses.&lt;/p&gt;</otherinfo>
  <reference>&lt;p&gt;http://msdn.microsoft.com/en-us/library/ie/gg622941%28v=vs.85%29.aspx&lt;/p&gt;&lt;p&gt;https://www.owasp.org/index.php/List_of_useful_HTTP_headers&lt;/p&gt;</reference>
  <cweid>16</cweid>
  <wascid>15</wascid>
  <sourceid>3</sourceid>
</alertitem>
</alerts></site><site name="https://cdn.firebase.com" host="cdn.firebase.com" port="443" ssl="true"><alerts><alertitem>
  <pluginid>10021</pluginid>
  <alert>X-Content-Type-Options Header Missing</alert>
  <name>X-Content-Type-Options Header Missing</name>
  <riskcode>1</riskcode>
  <confidence>2</confidence>
  <riskdesc>Low (Medium)</riskdesc>
  <desc>&lt;p&gt;The Anti-MIME-Sniffing header X-Content-Type-Options was not set to &apos;nosniff&apos;. This allows older versions of Internet Explorer and Chrome to perform MIME-sniffing on the response body, potentially causing the response body to be interpreted and displayed as a content type other than the declared content type. Current (early 2014) and legacy versions of Firefox will use the declared content type (if one is set), rather than performing MIME-sniffing.&lt;/p&gt;</desc>
  <instances>
  <instance>
  <uri>https://cdn.firebase.com/libs/angularfire/0.9.0/angularfire.min.js</uri>
  <method>GET</method>
  <param>X-Content-Type-Options</param>
  </instance>
  <instance>
  <uri>https://cdn.firebase.com/js/client/2.0.4/firebase.js</uri>
  <method>GET</method>
  <param>X-Content-Type-Options</param>
  </instance>
  </instances>
  <count>2</count>
  <solution>&lt;p&gt;Ensure that the application/web server sets the Content-Type header appropriately, and that it sets the X-Content-Type-Options header to &apos;nosniff&apos; for all web pages.&lt;/p&gt;&lt;p&gt;If possible, ensure that the end user uses a standards-compliant and modern web browser that does not perform MIME-sniffing at all, or that can be directed by the web application/web server to not perform MIME-sniffing.&lt;/p&gt;</solution>
  <otherinfo>&lt;p&gt;This issue still applies to error type pages (401, 403, 500, etc) as those pages are often still affected by injection issues, in which case there is still concern for browsers sniffing pages away from their actual content type.&lt;/p&gt;&lt;p&gt;At &quot;High&quot; threshold this scanner will not alert on client or server error responses.&lt;/p&gt;</otherinfo>
  <reference>&lt;p&gt;http://msdn.microsoft.com/en-us/library/ie/gg622941%28v=vs.85%29.aspx&lt;/p&gt;&lt;p&gt;https://www.owasp.org/index.php/List_of_useful_HTTP_headers&lt;/p&gt;</reference>
  <cweid>16</cweid>
  <wascid>15</wascid>
  <sourceid>3</sourceid>
</alertitem>
<alertitem>
  <pluginid>90022</pluginid>
  <alert>Application Error Disclosure</alert>
  <name>Application Error Disclosure</name>
  <riskcode>2</riskcode>
  <confidence>2</confidence>
  <riskdesc>Medium (Medium)</riskdesc>
  <desc>&lt;p&gt;This page contains an error/warning message that may disclose sensitive information like the location of the file that produced the unhandled exception. This information can be used to launch further attacks against the web application. The alert could be a false positive if the error message is found inside a documentation page.&lt;/p&gt;</desc>
  <instances>
  <instance>
  <uri>https://cdn.firebase.com/js/client/2.0.4/firebase.js</uri>
  <method>GET</method>
  <evidence>invalid query</evidence>
  </instance>
  </instances>
  <count>1</count>
  <solution>&lt;p&gt;Review the source code of this page. Implement custom error pages. Consider implementing a mechanism to provide a unique error reference/identifier to the client (browser) while logging the details on the server side and not exposing them to the user.&lt;/p&gt;</solution>
  <reference>&lt;p&gt;&lt;/p&gt;</reference>
  <cweid>200</cweid>
  <wascid>13</wascid>
  <sourceid>3</sourceid>
</alertitem>
</alerts></site><site name="https://platform.twitter.com" host="platform.twitter.com" port="443" ssl="true"><alerts><alertitem>
  <pluginid>10020</pluginid>
  <alert>X-Frame-Options Header Not Set</alert>
  <name>X-Frame-Options Header Not Set</name>
  <riskcode>2</riskcode>
  <confidence>2</confidence>
  <riskdesc>Medium (Medium)</riskdesc>
  <desc>&lt;p&gt;X-Frame-Options header is not included in the HTTP response to protect against &apos;ClickJacking&apos; attacks.&lt;/p&gt;</desc>
  <instances>
  <instance>
  <uri>https://platform.twitter.com/widgets/follow_button.2e9f365dae390394eb8d923cba8c5b11.en.html</uri>
  <method>GET</method>
  <param>X-Frame-Options</param>
  </instance>
  <instance>
  <uri>https://platform.twitter.com/widgets/widget_iframe.2e9f365dae390394eb8d923cba8c5b11.html?origin=https%3A%2F%2Fangularjs.org&amp;settingsEndpoint=https%3A%2F%2Fsyndication.twitter.com%2Fsettings</uri>
  <method>GET</method>
  <param>X-Frame-Options</param>
  </instance>
  </instances>
  <count>2</count>
  <solution>&lt;p&gt;Most modern Web browsers support the X-Frame-Options HTTP header. Ensure it&apos;s set on all web pages returned by your site (if you expect the page to be framed only by pages on your server (e.g. it&apos;s part of a FRAMESET) then you&apos;ll want to use SAMEORIGIN, otherwise if you never expect the page to be framed, you should use DENY. ALLOW-FROM allows specific websites to frame the web page in supported web browsers).&lt;/p&gt;</solution>
  <reference>&lt;p&gt;http://blogs.msdn.com/b/ieinternals/archive/2010/03/30/combating-clickjacking-with-x-frame-options.aspx&lt;/p&gt;</reference>
  <cweid>16</cweid>
  <wascid>15</wascid>
  <sourceid>3</sourceid>
</alertitem>
<alertitem>
  <pluginid>10015</pluginid>
  <alert>Incomplete or No Cache-control and Pragma HTTP Header Set</alert>
  <name>Incomplete or No Cache-control and Pragma HTTP Header Set</name>
  <riskcode>1</riskcode>
  <confidence>2</confidence>
  <riskdesc>Low (Medium)</riskdesc>
  <desc>&lt;p&gt;The cache-control and pragma HTTP header have not been set properly or are missing allowing the browser and proxies to cache content.&lt;/p&gt;</desc>
  <instances>
  <instance>
  <uri>https://platform.twitter.com/widgets/widget_iframe.2e9f365dae390394eb8d923cba8c5b11.html?origin=https%3A%2F%2Fangularjs.org&amp;settingsEndpoint=https%3A%2F%2Fsyndication.twitter.com%2Fsettings</uri>
  <method>GET</method>
  <param>Cache-Control</param>
  <evidence>public, max-age=315360000</evidence>
  </instance>
  <instance>
  <uri>https://platform.twitter.com/widgets/follow_button.2e9f365dae390394eb8d923cba8c5b11.en.html</uri>
  <method>GET</method>
  <param>Cache-Control</param>
  <evidence>public, max-age=315360000</evidence>
  </instance>
  </instances>
  <count>2</count>
  <solution>&lt;p&gt;Whenever possible ensure the cache-control HTTP header is set with no-cache, no-store, must-revalidate; and that the pragma HTTP header is set with no-cache.&lt;/p&gt;</solution>
  <reference>&lt;p&gt;https://www.owasp.org/index.php/Session_Management_Cheat_Sheet#Web_Content_Caching&lt;/p&gt;</reference>
  <cweid>525</cweid>
  <wascid>13</wascid>
  <sourceid>3</sourceid>
</alertitem>
<alertitem>
  <pluginid>10016</pluginid>
  <alert>Web Browser XSS Protection Not Enabled</alert>
  <name>Web Browser XSS Protection Not Enabled</name>
  <riskcode>1</riskcode>
  <confidence>2</confidence>
  <riskdesc>Low (Medium)</riskdesc>
  <desc>&lt;p&gt;Web Browser XSS Protection is not enabled, or is disabled by the configuration of the &apos;X-XSS-Protection&apos; HTTP response header on the web server&lt;/p&gt;</desc>
  <instances>
  <instance>
  <uri>https://platform.twitter.com/widgets/widget_iframe.2e9f365dae390394eb8d923cba8c5b11.html?origin=https%3A%2F%2Fangularjs.org&amp;settingsEndpoint=https%3A%2F%2Fsyndication.twitter.com%2Fsettings</uri>
  <method>GET</method>
  <param>X-XSS-Protection</param>
  </instance>
  <instance>
  <uri>https://platform.twitter.com/widgets/follow_button.2e9f365dae390394eb8d923cba8c5b11.en.html</uri>
  <method>GET</method>
  <param>X-XSS-Protection</param>
  </instance>
  </instances>
  <count>2</count>
  <solution>&lt;p&gt;Ensure that the web browser&apos;s XSS filter is enabled, by setting the X-XSS-Protection HTTP response header to &apos;1&apos;.&lt;/p&gt;</solution>
  <otherinfo>&lt;p&gt;The X-XSS-Protection HTTP response header allows the web server to enable or disable the web browser&apos;s XSS protection mechanism. The following values would attempt to enable it: &lt;/p&gt;&lt;p&gt;X-XSS-Protection: 1; mode=block&lt;/p&gt;&lt;p&gt;X-XSS-Protection: 1; report=http://www.example.com/xss&lt;/p&gt;&lt;p&gt;The following values would disable it:&lt;/p&gt;&lt;p&gt;X-XSS-Protection: 0&lt;/p&gt;&lt;p&gt;The X-XSS-Protection HTTP response header is currently supported on Internet Explorer, Chrome and Safari (WebKit).&lt;/p&gt;&lt;p&gt;Note that this alert is only raised if the response body could potentially contain an XSS payload (with a text-based content type, with a non-zero length).&lt;/p&gt;</otherinfo>
  <reference>&lt;p&gt;https://www.owasp.org/index.php/XSS_(Cross_Site_Scripting)_Prevention_Cheat_Sheet&lt;/p&gt;&lt;p&gt;https://blog.veracode.com/2014/03/guidelines-for-setting-security-headers/&lt;/p&gt;</reference>
  <cweid>933</cweid>
  <wascid>14</wascid>
  <sourceid>3</sourceid>
</alertitem>
<alertitem>
  <pluginid>10021</pluginid>
  <alert>X-Content-Type-Options Header Missing</alert>
  <name>X-Content-Type-Options Header Missing</name>
  <riskcode>1</riskcode>
  <confidence>2</confidence>
  <riskdesc>Low (Medium)</riskdesc>
  <desc>&lt;p&gt;The Anti-MIME-Sniffing header X-Content-Type-Options was not set to &apos;nosniff&apos;. This allows older versions of Internet Explorer and Chrome to perform MIME-sniffing on the response body, potentially causing the response body to be interpreted and displayed as a content type other than the declared content type. Current (early 2014) and legacy versions of Firefox will use the declared content type (if one is set), rather than performing MIME-sniffing.&lt;/p&gt;</desc>
  <instances>
  <instance>
  <uri>https://platform.twitter.com/widgets.js</uri>
  <method>GET</method>
  <param>X-Content-Type-Options</param>
  </instance>
  <instance>
  <uri>https://platform.twitter.com/widgets/widget_iframe.2e9f365dae390394eb8d923cba8c5b11.html?origin=https%3A%2F%2Fangularjs.org&amp;settingsEndpoint=https%3A%2F%2Fsyndication.twitter.com%2Fsettings</uri>
  <method>GET</method>
  <param>X-Content-Type-Options</param>
  </instance>
  <instance>
  <uri>https://platform.twitter.com/widgets/follow_button.2e9f365dae390394eb8d923cba8c5b11.en.html</uri>
  <method>GET</method>
  <param>X-Content-Type-Options</param>
  </instance>
  <instance>
  <uri>https://platform.twitter.com/js/button.dd024c345fc26f7c7a8d9938b67e5d3d.js</uri>
  <method>GET</method>
  <param>X-Content-Type-Options</param>
  </instance>
  </instances>
  <count>4</count>
  <solution>&lt;p&gt;Ensure that the application/web server sets the Content-Type header appropriately, and that it sets the X-Content-Type-Options header to &apos;nosniff&apos; for all web pages.&lt;/p&gt;&lt;p&gt;If possible, ensure that the end user uses a standards-compliant and modern web browser that does not perform MIME-sniffing at all, or that can be directed by the web application/web server to not perform MIME-sniffing.&lt;/p&gt;</solution>
  <otherinfo>&lt;p&gt;This issue still applies to error type pages (401, 403, 500, etc) as those pages are often still affected by injection issues, in which case there is still concern for browsers sniffing pages away from their actual content type.&lt;/p&gt;&lt;p&gt;At &quot;High&quot; threshold this scanner will not alert on client or server error responses.&lt;/p&gt;</otherinfo>
  <reference>&lt;p&gt;http://msdn.microsoft.com/en-us/library/ie/gg622941%28v=vs.85%29.aspx&lt;/p&gt;&lt;p&gt;https://www.owasp.org/index.php/List_of_useful_HTTP_headers&lt;/p&gt;</reference>
  <cweid>16</cweid>
  <wascid>15</wascid>
  <sourceid>3</sourceid>
</alertitem>
</alerts></site><site name="https://cdnjs.cloudflare.com" host="cdnjs.cloudflare.com" port="443" ssl="true"><alerts><alertitem>
  <pluginid>10021</pluginid>
  <alert>X-Content-Type-Options Header Missing</alert>
  <name>X-Content-Type-Options Header Missing</name>
  <riskcode>1</riskcode>
  <confidence>2</confidence>
  <riskdesc>Low (Medium)</riskdesc>
  <desc>&lt;p&gt;The Anti-MIME-Sniffing header X-Content-Type-Options was not set to &apos;nosniff&apos;. This allows older versions of Internet Explorer and Chrome to perform MIME-sniffing on the response body, potentially causing the response body to be interpreted and displayed as a content type other than the declared content type. Current (early 2014) and legacy versions of Firefox will use the declared content type (if one is set), rather than performing MIME-sniffing.&lt;/p&gt;</desc>
  <instances>
  <instance>
  <uri>https://cdnjs.cloudflare.com/ajax/libs/angular-ui-bootstrap/1.1.2/ui-bootstrap-tpls.min.js</uri>
  <method>GET</method>
  <param>X-Content-Type-Options</param>
  </instance>
  </instances>
  <count>1</count>
  <solution>&lt;p&gt;Ensure that the application/web server sets the Content-Type header appropriately, and that it sets the X-Content-Type-Options header to &apos;nosniff&apos; for all web pages.&lt;/p&gt;&lt;p&gt;If possible, ensure that the end user uses a standards-compliant and modern web browser that does not perform MIME-sniffing at all, or that can be directed by the web application/web server to not perform MIME-sniffing.&lt;/p&gt;</solution>
  <otherinfo>&lt;p&gt;This issue still applies to error type pages (401, 403, 500, etc) as those pages are often still affected by injection issues, in which case there is still concern for browsers sniffing pages away from their actual content type.&lt;/p&gt;&lt;p&gt;At &quot;High&quot; threshold this scanner will not alert on client or server error responses.&lt;/p&gt;</otherinfo>
  <reference>&lt;p&gt;http://msdn.microsoft.com/en-us/library/ie/gg622941%28v=vs.85%29.aspx&lt;/p&gt;&lt;p&gt;https://www.owasp.org/index.php/List_of_useful_HTTP_headers&lt;/p&gt;</reference>
  <cweid>16</cweid>
  <wascid>15</wascid>
  <sourceid>3</sourceid>
</alertitem>
</alerts></site><site name="https://fonts.gstatic.com" host="fonts.gstatic.com" port="443" ssl="true"><alerts></alerts></site><site name="https://ajax.googleapis.com" host="ajax.googleapis.com" port="443" ssl="true"><alerts></alerts></site><site name="https://fonts.googleapis.com" host="fonts.googleapis.com" port="443" ssl="true"><alerts><alertitem>
  <pluginid>10021</pluginid>
  <alert>X-Content-Type-Options Header Missing</alert>
  <name>X-Content-Type-Options Header Missing</name>
  <riskcode>1</riskcode>
  <confidence>2</confidence>
  <riskdesc>Low (Medium)</riskdesc>
  <desc>&lt;p&gt;The Anti-MIME-Sniffing header X-Content-Type-Options was not set to &apos;nosniff&apos;. This allows older versions of Internet Explorer and Chrome to perform MIME-sniffing on the response body, potentially causing the response body to be interpreted and displayed as a content type other than the declared content type. Current (early 2014) and legacy versions of Firefox will use the declared content type (if one is set), rather than performing MIME-sniffing.&lt;/p&gt;</desc>
  <instances>
  <instance>
  <uri>https://fonts.googleapis.com/css?family=Roboto:400,300,500,400italic,700</uri>
  <method>GET</method>
  <param>X-Content-Type-Options</param>
  </instance>
  </instances>
  <count>1</count>
  <solution>&lt;p&gt;Ensure that the application/web server sets the Content-Type header appropriately, and that it sets the X-Content-Type-Options header to &apos;nosniff&apos; for all web pages.&lt;/p&gt;&lt;p&gt;If possible, ensure that the end user uses a standards-compliant and modern web browser that does not perform MIME-sniffing at all, or that can be directed by the web application/web server to not perform MIME-sniffing.&lt;/p&gt;</solution>
  <otherinfo>&lt;p&gt;This issue still applies to error type pages (401, 403, 500, etc) as those pages are often still affected by injection issues, in which case there is still concern for browsers sniffing pages away from their actual content type.&lt;/p&gt;&lt;p&gt;At &quot;High&quot; threshold this scanner will not alert on client or server error responses.&lt;/p&gt;</otherinfo>
  <reference>&lt;p&gt;http://msdn.microsoft.com/en-us/library/ie/gg622941%28v=vs.85%29.aspx&lt;/p&gt;&lt;p&gt;https://www.owasp.org/index.php/List_of_useful_HTTP_headers&lt;/p&gt;</reference>
  <cweid>16</cweid>
  <wascid>15</wascid>
  <sourceid>3</sourceid>
</alertitem>
<alertitem>
  <pluginid>10015</pluginid>
  <alert>Incomplete or No Cache-control and Pragma HTTP Header Set</alert>
  <name>Incomplete or No Cache-control and Pragma HTTP Header Set</name>
  <riskcode>1</riskcode>
  <confidence>2</confidence>
  <riskdesc>Low (Medium)</riskdesc>
  <desc>&lt;p&gt;The cache-control and pragma HTTP header have not been set properly or are missing allowing the browser and proxies to cache content.&lt;/p&gt;</desc>
  <instances>
  <instance>
  <uri>https://fonts.googleapis.com/css?family=Roboto:400,300,500,400italic,700</uri>
  <method>GET</method>
  <param>Cache-Control</param>
  <evidence>private, max-age=86400, stale-while-revalidate=604800</evidence>
  </instance>
  </instances>
  <count>1</count>
  <solution>&lt;p&gt;Whenever possible ensure the cache-control HTTP header is set with no-cache, no-store, must-revalidate; and that the pragma HTTP header is set with no-cache.&lt;/p&gt;</solution>
  <reference>&lt;p&gt;https://www.owasp.org/index.php/Session_Management_Cheat_Sheet#Web_Content_Caching&lt;/p&gt;</reference>
  <cweid>525</cweid>
  <wascid>13</wascid>
  <sourceid>3</sourceid>
</alertitem>
</alerts></site><site name="https://angularjs.org" host="angularjs.org" port="443" ssl="true"><alerts><alertitem>
  <pluginid>10017</pluginid>
  <alert>Cross-Domain JavaScript Source File Inclusion</alert>
  <name>Cross-Domain JavaScript Source File Inclusion</name>
  <riskcode>1</riskcode>
  <confidence>2</confidence>
  <riskdesc>Low (Medium)</riskdesc>
  <desc>&lt;p&gt;The page includes one or more script files from a third-party domain.&lt;/p&gt;</desc>
  <instances>
  <instance>
  <uri>https://angularjs.org/</uri>
  <method>GET</method>
  <param>https://cdnjs.cloudflare.com/ajax/libs/angular-ui-bootstrap/1.1.2/ui-bootstrap-tpls.min.js</param>
  <evidence>&lt;script src=&quot;https://cdnjs.cloudflare.com/ajax/libs/angular-ui-bootstrap/1.1.2/ui-bootstrap-tpls.min.js&quot;&gt;&lt;/script&gt;</evidence>
  </instance>
  <instance>
  <uri>https://angularjs.org/</uri>
  <method>GET</method>
  <param>https://code.angularjs.org/1.7.8/i18n/angular-locale_en-us.js</param>
  <evidence>&lt;script src=&quot;https://code.angularjs.org/1.7.8/i18n/angular-locale_en-us.js&quot;&gt;&lt;/script&gt;</evidence>
  </instance>
  <instance>
  <uri>https://angularjs.org/</uri>
  <method>GET</method>
  <param>https://platform.twitter.com/widgets.js</param>
  <evidence>&lt;script async src=&quot;https://platform.twitter.com/widgets.js&quot;&gt;&lt;/script&gt;</evidence>
  </instance>
  <instance>
  <uri>https://angularjs.org/</uri>
  <method>GET</method>
  <param>https://cdn.firebase.com/libs/angularfire/0.9.0/angularfire.min.js</param>
  <evidence>&lt;script src=&quot;https://cdn.firebase.com/libs/angularfire/0.9.0/angularfire.min.js&quot;&gt;&lt;/script&gt;</evidence>
  </instance>
  <instance>
  <uri>https://angularjs.org/</uri>
  <method>GET</method>
  <param>https://ajax.googleapis.com/ajax/libs/angularjs/1.7.8/angular.min.js</param>
  <evidence>&lt;script id=&quot;angularScript&quot; src=&quot;https://ajax.googleapis.com/ajax/libs/angularjs/1.7.8/angular.min.js&quot;&gt;&lt;/script&gt;</evidence>
  </instance>
  <instance>
  <uri>https://angularjs.org/</uri>
  <method>GET</method>
  <param>https://ajax.googleapis.com/ajax/libs/angularjs/1.7.8/angular-route.min.js</param>
  <evidence>&lt;script src=&quot;https://ajax.googleapis.com/ajax/libs/angularjs/1.7.8/angular-route.min.js&quot;&gt;&lt;/script&gt;</evidence>
  </instance>
  <instance>
  <uri>https://angularjs.org/</uri>
  <method>GET</method>
  <param>https://ajax.googleapis.com/ajax/libs/angularjs/1.7.8/angular-resource.min.js</param>
  <evidence>&lt;script src=&quot;https://ajax.googleapis.com/ajax/libs/angularjs/1.7.8/angular-resource.min.js&quot;&gt;&lt;/script&gt;</evidence>
  </instance>
  <instance>
  <uri>https://angularjs.org/</uri>
  <method>GET</method>
  <param>https://cdn.firebase.com/js/client/2.0.4/firebase.js</param>
  <evidence>&lt;script src=&quot;https://cdn.firebase.com/js/client/2.0.4/firebase.js&quot;&gt;&lt;/script&gt;</evidence>
  </instance>
  <instance>
  <uri>https://angularjs.org/</uri>
  <method>GET</method>
  <param>https://ajax.googleapis.com/ajax/libs/jquery/3.3.1/jquery.min.js</param>
  <evidence>&lt;script src=&quot;https://ajax.googleapis.com/ajax/libs/jquery/3.3.1/jquery.min.js&quot;&gt;&lt;/script&gt;</evidence>
  </instance>
  <instance>
  <uri>https://angularjs.org/</uri>
  <method>GET</method>
  <param>https://code.angularjs.org/1.7.8/i18n/angular-locale_sk.js</param>
  <evidence>&lt;script src=&quot;https://code.angularjs.org/1.7.8/i18n/angular-locale_sk.js&quot;&gt;&lt;/script&gt;</evidence>
  </instance>
  <instance>
  <uri>https://angularjs.org/</uri>
  <method>GET</method>
  <param>https://ajax.googleapis.com/ajax/libs/angularjs/1.7.8/angular-animate.min.js</param>
  <evidence>&lt;script src=&quot;https://ajax.googleapis.com/ajax/libs/angularjs/1.7.8/angular-animate.min.js&quot;&gt;&lt;/script&gt;</evidence>
  </instance>
  </instances>
  <count>11</count>
  <solution>&lt;p&gt;Ensure JavaScript source files are loaded from only trusted sources, and the sources can&apos;t be controlled by end users of the application.&lt;/p&gt;</solution>
  <reference>&lt;p&gt;&lt;/p&gt;</reference>
  <cweid>829</cweid>
  <wascid>15</wascid>
  <sourceid>3</sourceid>
</alertitem>
<alertitem>
  <pluginid>10021</pluginid>
  <alert>X-Content-Type-Options Header Missing</alert>
  <name>X-Content-Type-Options Header Missing</name>
  <riskcode>1</riskcode>
  <confidence>2</confidence>
  <riskdesc>Low (Medium)</riskdesc>
  <desc>&lt;p&gt;The Anti-MIME-Sniffing header X-Content-Type-Options was not set to &apos;nosniff&apos;. This allows older versions of Internet Explorer and Chrome to perform MIME-sniffing on the response body, potentially causing the response body to be interpreted and displayed as a content type other than the declared content type. Current (early 2014) and legacy versions of Firefox will use the declared content type (if one is set), rather than performing MIME-sniffing.&lt;/p&gt;</desc>
  <instances>
  <instance>
  <uri>https://angularjs.org/google-code-prettify/prettify.css</uri>
  <method>GET</method>
  <param>X-Content-Type-Options</param>
  </instance>
  <instance>
  <uri>https://angularjs.org/css/bootstrap.min.css</uri>
  <method>GET</method>
  <param>X-Content-Type-Options</param>
  </instance>
  <instance>
  <uri>https://angularjs.org/js/homepage.js</uri>
  <method>GET</method>
  <param>X-Content-Type-Options</param>
  </instance>
  <instance>
  <uri>https://angularjs.org/google-code-prettify/prettify.min.js</uri>
  <method>GET</method>
  <param>X-Content-Type-Options</param>
  </instance>
  <instance>
  <uri>https://angularjs.org/font/fontawesome-webfont.woff</uri>
  <method>GET</method>
  <param>X-Content-Type-Options</param>
  </instance>
  <instance>
  <uri>https://angularjs.org/css/font-awesome.css</uri>
  <method>GET</method>
  <param>X-Content-Type-Options</param>
  </instance>
  <instance>
  <uri>https://angularjs.org/</uri>
  <method>GET</method>
  <param>X-Content-Type-Options</param>
  </instance>
  <instance>
  <uri>https://angularjs.org/js/download-data.js</uri>
  <method>GET</method>
  <param>X-Content-Type-Options</param>
  </instance>
  <instance>
  <uri>https://angularjs.org/css/docs.css</uri>
  <method>GET</method>
  <param>X-Content-Type-Options</param>
  </instance>
  <instance>
  <uri>https://angularjs.org/css/angular.css</uri>
  <method>GET</method>
  <param>X-Content-Type-Options</param>
  </instance>
  </instances>
  <count>10</count>
  <solution>&lt;p&gt;Ensure that the application/web server sets the Content-Type header appropriately, and that it sets the X-Content-Type-Options header to &apos;nosniff&apos; for all web pages.&lt;/p&gt;&lt;p&gt;If possible, ensure that the end user uses a standards-compliant and modern web browser that does not perform MIME-sniffing at all, or that can be directed by the web application/web server to not perform MIME-sniffing.&lt;/p&gt;</solution>
  <otherinfo>&lt;p&gt;This issue still applies to error type pages (401, 403, 500, etc) as those pages are often still affected by injection issues, in which case there is still concern for browsers sniffing pages away from their actual content type.&lt;/p&gt;&lt;p&gt;At &quot;High&quot; threshold this scanner will not alert on client or server error responses.&lt;/p&gt;</otherinfo>
  <reference>&lt;p&gt;http://msdn.microsoft.com/en-us/library/ie/gg622941%28v=vs.85%29.aspx&lt;/p&gt;&lt;p&gt;https://www.owasp.org/index.php/List_of_useful_HTTP_headers&lt;/p&gt;</reference>
  <cweid>16</cweid>
  <wascid>15</wascid>
  <sourceid>3</sourceid>
</alertitem>
<alertitem>
  <pluginid>10015</pluginid>
  <alert>Incomplete or No Cache-control and Pragma HTTP Header Set</alert>
  <name>Incomplete or No Cache-control and Pragma HTTP Header Set</name>
  <riskcode>1</riskcode>
  <confidence>2</confidence>
  <riskdesc>Low (Medium)</riskdesc>
  <desc>&lt;p&gt;The cache-control and pragma HTTP header have not been set properly or are missing allowing the browser and proxies to cache content.&lt;/p&gt;</desc>
  <instances>
  <instance>
  <uri>https://angularjs.org/</uri>
  <method>GET</method>
  <param>Cache-Control</param>
  <evidence>max-age=3600</evidence>
  </instance>
  <instance>
  <uri>https://angularjs.org/css/docs.css</uri>
  <method>GET</method>
  <param>Cache-Control</param>
  <evidence>max-age=3600</evidence>
  </instance>
  <instance>
  <uri>https://angularjs.org/css/bootstrap.min.css</uri>
  <method>GET</method>
  <param>Cache-Control</param>
  <evidence>max-age=3600</evidence>
  </instance>
  <instance>
  <uri>https://angularjs.org/google-code-prettify/prettify.css</uri>
  <method>GET</method>
  <param>Cache-Control</param>
  <evidence>max-age=3600</evidence>
  </instance>
  <instance>
  <uri>https://angularjs.org/css/font-awesome.css</uri>
  <method>GET</method>
  <param>Cache-Control</param>
  <evidence>max-age=3600</evidence>
  </instance>
  <instance>
  <uri>https://angularjs.org/css/angular.css</uri>
  <method>GET</method>
  <param>Cache-Control</param>
  <evidence>max-age=3600</evidence>
  </instance>
  </instances>
  <count>6</count>
  <solution>&lt;p&gt;Whenever possible ensure the cache-control HTTP header is set with no-cache, no-store, must-revalidate; and that the pragma HTTP header is set with no-cache.&lt;/p&gt;</solution>
  <reference>&lt;p&gt;https://www.owasp.org/index.php/Session_Management_Cheat_Sheet#Web_Content_Caching&lt;/p&gt;</reference>
  <cweid>525</cweid>
  <wascid>13</wascid>
  <sourceid>3</sourceid>
</alertitem>
<alertitem>
  <pluginid>10016</pluginid>
  <alert>Web Browser XSS Protection Not Enabled</alert>
  <name>Web Browser XSS Protection Not Enabled</name>
  <riskcode>1</riskcode>
  <confidence>2</confidence>
  <riskdesc>Low (Medium)</riskdesc>
  <desc>&lt;p&gt;Web Browser XSS Protection is not enabled, or is disabled by the configuration of the &apos;X-XSS-Protection&apos; HTTP response header on the web server&lt;/p&gt;</desc>
  <instances>
  <instance>
  <uri>https://angularjs.org/</uri>
  <method>GET</method>
  <param>X-XSS-Protection</param>
  </instance>
  </instances>
  <count>1</count>
  <solution>&lt;p&gt;Ensure that the web browser&apos;s XSS filter is enabled, by setting the X-XSS-Protection HTTP response header to &apos;1&apos;.&lt;/p&gt;</solution>
  <otherinfo>&lt;p&gt;The X-XSS-Protection HTTP response header allows the web server to enable or disable the web browser&apos;s XSS protection mechanism. The following values would attempt to enable it: &lt;/p&gt;&lt;p&gt;X-XSS-Protection: 1; mode=block&lt;/p&gt;&lt;p&gt;X-XSS-Protection: 1; report=http://www.example.com/xss&lt;/p&gt;&lt;p&gt;The following values would disable it:&lt;/p&gt;&lt;p&gt;X-XSS-Protection: 0&lt;/p&gt;&lt;p&gt;The X-XSS-Protection HTTP response header is currently supported on Internet Explorer, Chrome and Safari (WebKit).&lt;/p&gt;&lt;p&gt;Note that this alert is only raised if the response body could potentially contain an XSS payload (with a text-based content type, with a non-zero length).&lt;/p&gt;</otherinfo>
  <reference>&lt;p&gt;https://www.owasp.org/index.php/XSS_(Cross_Site_Scripting)_Prevention_Cheat_Sheet&lt;/p&gt;&lt;p&gt;https://blog.veracode.com/2014/03/guidelines-for-setting-security-headers/&lt;/p&gt;</reference>
  <cweid>933</cweid>
  <wascid>14</wascid>
  <sourceid>3</sourceid>
</alertitem>
<alertitem>
  <pluginid>10020</pluginid>
  <alert>X-Frame-Options Header Not Set</alert>
  <name>X-Frame-Options Header Not Set</name>
  <riskcode>2</riskcode>
  <confidence>2</confidence>
  <riskdesc>Medium (Medium)</riskdesc>
  <desc>&lt;p&gt;X-Frame-Options header is not included in the HTTP response to protect against &apos;ClickJacking&apos; attacks.&lt;/p&gt;</desc>
  <instances>
  <instance>
  <uri>https://angularjs.org/</uri>
  <method>GET</method>
  <param>X-Frame-Options</param>
  </instance>
  </instances>
  <count>1</count>
  <solution>&lt;p&gt;Most modern Web browsers support the X-Frame-Options HTTP header. Ensure it&apos;s set on all web pages returned by your site (if you expect the page to be framed only by pages on your server (e.g. it&apos;s part of a FRAMESET) then you&apos;ll want to use SAMEORIGIN, otherwise if you never expect the page to be framed, you should use DENY. ALLOW-FROM allows specific websites to frame the web page in supported web browsers).&lt;/p&gt;</solution>
  <reference>&lt;p&gt;http://blogs.msdn.com/b/ieinternals/archive/2010/03/30/combating-clickjacking-with-x-frame-options.aspx&lt;/p&gt;</reference>
  <cweid>16</cweid>
  <wascid>15</wascid>
  <sourceid>3</sourceid>
</alertitem>
</alerts></site><site name="https://www.gstatic.com" host="www.gstatic.com" port="443" ssl="true"><alerts><alertitem>
  <pluginid>10016</pluginid>
  <alert>Web Browser XSS Protection Not Enabled</alert>
  <name>Web Browser XSS Protection Not Enabled</name>
  <riskcode>1</riskcode>
  <confidence>2</confidence>
  <riskdesc>Low (Medium)</riskdesc>
  <desc>&lt;p&gt;Web Browser XSS Protection is not enabled, or is disabled by the configuration of the &apos;X-XSS-Protection&apos; HTTP response header on the web server&lt;/p&gt;</desc>
  <instances>
  <instance>
  <uri>https://www.gstatic.com/chrome/intelligence/assist/ranker/models/translate/2017/03/translate_ranker_model_20170329.pb.bin</uri>
  <method>GET</method>
  <param>X-XSS-Protection</param>
  <evidence>X-XSS-Protection: 0</evidence>
  </instance>
  </instances>
  <count>1</count>
  <solution>&lt;p&gt;Ensure that the web browser&apos;s XSS filter is enabled, by setting the X-XSS-Protection HTTP response header to &apos;1&apos;.&lt;/p&gt;</solution>
  <otherinfo>&lt;p&gt;The X-XSS-Protection HTTP response header allows the web server to enable or disable the web browser&apos;s XSS protection mechanism. The following values would attempt to enable it: &lt;/p&gt;&lt;p&gt;X-XSS-Protection: 1; mode=block&lt;/p&gt;&lt;p&gt;X-XSS-Protection: 1; report=http://www.example.com/xss&lt;/p&gt;&lt;p&gt;The following values would disable it:&lt;/p&gt;&lt;p&gt;X-XSS-Protection: 0&lt;/p&gt;&lt;p&gt;The X-XSS-Protection HTTP response header is currently supported on Internet Explorer, Chrome and Safari (WebKit).&lt;/p&gt;&lt;p&gt;Note that this alert is only raised if the response body could potentially contain an XSS payload (with a text-based content type, with a non-zero length).&lt;/p&gt;</otherinfo>
  <reference>&lt;p&gt;https://www.owasp.org/index.php/XSS_(Cross_Site_Scripting)_Prevention_Cheat_Sheet&lt;/p&gt;&lt;p&gt;https://blog.veracode.com/2014/03/guidelines-for-setting-security-headers/&lt;/p&gt;</reference>
  <cweid>933</cweid>
  <wascid>14</wascid>
  <sourceid>3</sourceid>
</alertitem>
<alertitem>
  <pluginid>10015</pluginid>
  <alert>Incomplete or No Cache-control and Pragma HTTP Header Set</alert>
  <name>Incomplete or No Cache-control and Pragma HTTP Header Set</name>
  <riskcode>1</riskcode>
  <confidence>2</confidence>
  <riskdesc>Low (Medium)</riskdesc>
  <desc>&lt;p&gt;The cache-control and pragma HTTP header have not been set properly or are missing allowing the browser and proxies to cache content.&lt;/p&gt;</desc>
  <instances>
  <instance>
  <uri>https://www.gstatic.com/chrome/intelligence/assist/ranker/models/translate/2017/03/translate_ranker_model_20170329.pb.bin</uri>
  <method>GET</method>
  <param>Cache-Control</param>
  <evidence>public, max-age=31536000</evidence>
  </instance>
  </instances>
  <count>1</count>
  <solution>&lt;p&gt;Whenever possible ensure the cache-control HTTP header is set with no-cache, no-store, must-revalidate; and that the pragma HTTP header is set with no-cache.&lt;/p&gt;</solution>
  <reference>&lt;p&gt;https://www.owasp.org/index.php/Session_Management_Cheat_Sheet#Web_Content_Caching&lt;/p&gt;</reference>
  <cweid>525</cweid>
  <wascid>13</wascid>
  <sourceid>3</sourceid>
</alertitem>
<alertitem>
  <pluginid>10020</pluginid>
  <alert>X-Frame-Options Header Not Set</alert>
  <name>X-Frame-Options Header Not Set</name>
  <riskcode>2</riskcode>
  <confidence>2</confidence>
  <riskdesc>Medium (Medium)</riskdesc>
  <desc>&lt;p&gt;X-Frame-Options header is not included in the HTTP response to protect against &apos;ClickJacking&apos; attacks.&lt;/p&gt;</desc>
  <instances>
  <instance>
  <uri>https://www.gstatic.com/chrome/intelligence/assist/ranker/models/translate/2017/03/translate_ranker_model_20170329.pb.bin</uri>
  <method>GET</method>
  <param>X-Frame-Options</param>
  </instance>
  </instances>
  <count>1</count>
  <solution>&lt;p&gt;Most modern Web browsers support the X-Frame-Options HTTP header. Ensure it&apos;s set on all web pages returned by your site (if you expect the page to be framed only by pages on your server (e.g. it&apos;s part of a FRAMESET) then you&apos;ll want to use SAMEORIGIN, otherwise if you never expect the page to be framed, you should use DENY. ALLOW-FROM allows specific websites to frame the web page in supported web browsers).&lt;/p&gt;</solution>
  <reference>&lt;p&gt;http://blogs.msdn.com/b/ieinternals/archive/2010/03/30/combating-clickjacking-with-x-frame-options.aspx&lt;/p&gt;</reference>
  <cweid>16</cweid>
  <wascid>15</wascid>
  <sourceid>3</sourceid>
</alertitem>
</alerts></site><site name="https://accounts.google.com" host="accounts.google.com" port="443" ssl="true"><alerts></alerts></site></OWASPZAPReport>