{"instances":[{"Instances":"15","Description":"A cookie has been set without the secure flag, which means that the cookie can be accessed via unencrypted connections.","riskdesc":"Low (Medium)","alert":"Cookie Without Secure Flag","Parameter":"akavpau_ProdTB","OtherInformation":"Not Available","Method":"GET","URL":"https:\/\/www.tacobell.com\/_ui\/addons\/smarteditaddon\/responsive\/common\/js\/smarteditaddon.js","Solution":"Whenever a cookie contains sensitive information or is a session token, then it should always be passed using an encrypted channel. Ensure that the secure flag is set for cookies containing such sensitive information."},{"Instances":"13","Description":"A cookie has been set without the HttpOnly flag, which means that the cookie can be accessed by JavaScript. If a malicious script can be run on this page then the cookie will be accessible and can be transmitted to another site. If this is a session cookie then session hijacking may be possible.","riskdesc":"Low (Medium)","alert":"Cookie No HttpOnly Flag","Parameter":"akavpau_ProdTB","OtherInformation":"Not Available","Method":"GET","URL":"https:\/\/www.tacobell.com\/_ui\/addons\/smarteditaddon\/shared\/common\/js\/webApplicationInjector.js","Solution":"Ensure that the HttpOnly flag is set for all cookies."},{"Instances":"1","Description":"The page includes one or more script files from a third-party domain.","riskdesc":"Low (Medium)","alert":"Cross-Domain JavaScript Source File Inclusion","Parameter":"\/\/www.googleadservices.com\/pagead\/conversion.js","OtherInformation":"Not Available","Method":"GET","URL":"https:\/\/www.tacobell.com\/","Solution":"Ensure JavaScript source files are loaded from only trusted sources, and the sources can't be controlled by end users of the application."},{"Instances":"1","Description":"The Anti-MIME-Sniffing header X-Content-Type-Options was not set to 'nosniff'. This allows older versions of Internet Explorer and Chrome to perform MIME-sniffing on the response body, potentially causing the response body to be interpreted and displayed as a content type other than the declared content type. Current (early 2014) and legacy versions of Firefox will use the declared content type (if one is set), rather than performing MIME-sniffing.","riskdesc":"Low (Medium)","alert":"X-Content-Type-Options Header Missing","Parameter":"X-Content-Type-Options","OtherInformation":"This issue still applies to error type pages (401, 403, 500, etc) as those pages are often still affected by injection issues, in which case there is still concern for browsers sniffing pages away from their actual content type.At \"High\" threshold this scanner will not alert on client or server error responses.","Method":"GET","URL":"https:\/\/www.tacobell.com\/resources\/ca82d254951600bec942247fa3783e","Solution":"Ensure that the application\/web server sets the Content-Type header appropriately, and that it sets the X-Content-Type-Options header to 'nosniff' for all web pages.If possible, ensure that the end user uses a standards-compliant and modern web browser that does not perform MIME-sniffing at all, or that can be directed by the web application\/web server to not perform MIME-sniffing."},{"Instances":"4","Description":"The cache-control and pragma HTTP header have not been set properly or are missing allowing the browser and proxies to cache content.","riskdesc":"Low (Medium)","alert":"Incomplete or No Cache-control and Pragma HTTP Header Set","Parameter":"Cache-Control","OtherInformation":"Not Available","Method":"GET","URL":"https:\/\/www.tacobell.com\/_ui\/addons\/smarteditaddon\/responsive\/common\/css\/smarteditaddon.css","Solution":"Whenever possible ensure the cache-control HTTP header is set with no-cache, no-store, must-revalidate; and that the pragma HTTP header is set with no-cache."},{"Instances":"1","Description":"Web Browser XSS Protection is not enabled, or is disabled by the configuration of the 'X-XSS-Protection' HTTP response header on the web server","riskdesc":"Low (Medium)","alert":"Web Browser XSS Protection Not Enabled","Parameter":"X-XSS-Protection","OtherInformation":"The X-XSS-Protection HTTP response header allows the web server to enable or disable the web browser's XSS protection mechanism. The following values would attempt to enable it: X-XSS-Protection: 1; mode=blockX-XSS-Protection: 1; report=http:\/\/www.example.com\/xssThe following values would disable it:X-XSS-Protection: 0The X-XSS-Protection HTTP response header is currently supported on Internet Explorer, Chrome and Safari (WebKit).Note that this alert is only raised if the response body could potentially contain an XSS payload (with a text-based content type, with a non-zero length).","Method":"GET","URL":"https:\/\/www.gstatic.com\/chrome\/intelligence\/assist\/ranker\/models\/translate\/2017\/03\/translate_ranker_model_20170329.pb.bin","Solution":"Ensure that the web browser's XSS filter is enabled, by setting the X-XSS-Protection HTTP response header to '1'."},{"Instances":"1","Description":"The cache-control and pragma HTTP header have not been set properly or are missing allowing the browser and proxies to cache content.","riskdesc":"Low (Medium)","alert":"Incomplete or No Cache-control and Pragma HTTP Header Set","Parameter":"Cache-Control","OtherInformation":"Not Available","Method":"GET","URL":"https:\/\/www.gstatic.com\/chrome\/intelligence\/assist\/ranker\/models\/translate\/2017\/03\/translate_ranker_model_20170329.pb.bin","Solution":"Whenever possible ensure the cache-control HTTP header is set with no-cache, no-store, must-revalidate; and that the pragma HTTP header is set with no-cache."},{"Instances":"1","Description":"X-Frame-Options header is not included in the HTTP response to protect against 'ClickJacking' attacks.","riskdesc":"Medium (Medium)","alert":"X-Frame-Options Header Not Set","Parameter":"X-Frame-Options","OtherInformation":"Not Available","Method":"GET","URL":"https:\/\/www.gstatic.com\/chrome\/intelligence\/assist\/ranker\/models\/translate\/2017\/03\/translate_ranker_model_20170329.pb.bin","Solution":"Most modern Web browsers support the X-Frame-Options HTTP header. Ensure it's set on all web pages returned by your site (if you expect the page to be framed only by pages on your server (e.g. it's part of a FRAMESET) then you'll want to use SAMEORIGIN, otherwise if you never expect the page to be framed, you should use DENY. ALLOW-FROM allows specific websites to frame the web page in supported web browsers)."}]}